Employee_ID,Age,Gender,Department,Job_Role,Education_Level,Marital_Status,Monthly_Salary,Years_at_Company,Years_in_Current_Role,Overtime,Performance_Rating,Training_Hours,Attrition,Job_Satisfaction_Score
EMP1000,59,Female,Finance,Executive,Diploma,Single,42499,5,5,Yes,Excellent,81,Yes,5
EMP1001,49,Male,Marketing,Analyst,MBA,Married,71628,0,2,No,Low,36,No,4
EMP1002,35,Male,Operations,Manager,Diploma,Married,81360,6,4,No,Excellent,84,No,5
EMP1003,28,Male,Sales,Analyst,Master,Married,24603,15,8,No,Low,5,Yes,1
EMP1004,41,Male,Marketing,Executive,Bachelor,Married,113309,13,1,Yes,Excellent,81,No,1
EMP1005,59,Male,HR,Associate,Diploma,Single,105473,19,1,No,Excellent,58,No,3
EMP1006,39,Female,Sales,Associate,MBA,Married,32632,19,5,Yes,Excellent,15,No,2
EMP1007,43,Male,IT,Executive,Diploma,Single,50607,5,5,Yes,Average,57,Yes,4
EMP1008,31,Male,HR,Manager,Bachelor,Married,111873,4,7,Yes,Good,12,No,2
EMP1009,31,Male,HR,Associate,Diploma,Married,85756,17,1,No,Excellent,29,No,5
EMP1010,44,Male,IT,Team Lead,Diploma,Married,66994,14,8,No,Average,44,Yes,4
EMP1011,56,Female,Operations,Associate,Bachelor,Single,83382,5,1,Yes,Average,36,Yes,4
EMP1012,44,Female,HR,Team Lead,Master,Single,90354,18,0,Yes,Low,92,No,1
EMP1013,23,Female,Sales,Executive,Master,Single,76344,0,9,Yes,Good,32,No,5
EMP1014,42,Female,Marketing,Executive,Bachelor,Single,73775,0,1,No,Good,82,No,1
EMP1015,22,Male,HR,Associate,Diploma,Married,27349,12,6,No,Low,7,Yes,1
EMP1016,44,Female,Sales,Analyst,Bachelor,Single,91154,2,7,Yes,Good,95,No,3
EMP1017,50,Male,Finance,Team Lead,Master,Single,47464,9,4,Yes,Low,88,Yes,1
EMP1018,58,Male,Sales,Manager,MBA,Married,62624,2,5,No,Average,83,Yes,2
EMP1019,22,Male,Marketing,Associate,Diploma,Married,57344,8,0,Yes,Average,66,No,4
EMP1020,41,Male,Sales,Manager,Master,Single,103791,7,5,No,Excellent,31,No,1
EMP1021,53,Male,IT,Associate,Diploma,Married,44299,2,7,No,Low,49,Yes,2
EMP1022,32,Female,Marketing,Analyst,Bachelor,Single,67975,12,2,Yes,Average,96,No,5
EMP1023,42,Female,Operations,Analyst,MBA,Married,21462,5,0,Yes,Average,29,No,4
EMP1024,45,Female,Finance,Analyst,Bachelor,Single,101441,12,3,No,Low,65,Yes,5
EMP1025,47,Female,IT,Analyst,MBA,Single,110456,19,0,No,Average,48,No,2
EMP1026,48,Male,Operations,Executive,Diploma,Single,101788,19,7,No,Good,50,Yes,5
EMP1027,36,Female,Sales,Executive,Diploma,Single,60581,11,4,No,Average,18,No,5
EMP1028,35,Male,Marketing,Team Lead,Bachelor,Single,91289,12,0,No,Low,12,Yes,5
EMP1029,23,Female,Finance,Manager,MBA,Married,34175,1,7,Yes,Good,52,Yes,1
EMP1030,57,Male,IT,Associate,MBA,Single,26191,15,8,No,Good,18,No,1
EMP1031,27,Male,Operations,Associate,Diploma,Single,103434,5,9,No,Average,69,Yes,1
EMP1032,41,Female,Operations,Executive,Bachelor,Single,104518,18,1,No,Excellent,84,Yes,4
EMP1033,29,Male,Finance,Associate,MBA,Single,100158,12,8,Yes,Good,86,No,2
EMP1034,59,Male,Sales,Executive,Diploma,Single,86537,16,7,Yes,Low,11,No,1
EMP1035,38,Female,Finance,Team Lead,Master,Married,67645,8,6,No,Excellent,83,No,5
EMP1036,24,Male,Operations,Manager,Bachelor,Married,43283,16,2,No,Excellent,92,Yes,5
EMP1037,45,Female,HR,Team Lead,Master,Single,106971,1,1,Yes,Good,53,Yes,5
EMP1038,34,Female,IT,Analyst,Bachelor,Married,112759,18,6,Yes,Average,59,Yes,5
EMP1039,29,Female,Finance,Analyst,Diploma,Single,79123,18,4,Yes,Excellent,17,No,3
EMP1040,46,Male,Operations,Analyst,MBA,Married,50024,6,5,Yes,Average,77,Yes,4
EMP1041,22,Male,Sales,Team Lead,MBA,Married,69630,9,3,No,Good,60,Yes,2
EMP1042,40,Male,Operations,Associate,MBA,Single,50734,9,1,Yes,Low,60,No,2
EMP1043,48,Female,Sales,Manager,Bachelor,Married,20515,19,8,No,Excellent,19,Yes,1
EMP1044,27,Male,Finance,Analyst,Diploma,Married,86727,8,2,No,Low,61,No,3
EMP1045,28,Female,Sales,Analyst,Master,Single,117800,16,6,Yes,Average,62,No,2
EMP1046,55,Female,Marketing,Analyst,Diploma,Single,66216,14,7,Yes,Average,39,No,4
EMP1047,34,Male,Marketing,Manager,Master,Married,91833,1,1,Yes,Low,92,Yes,5
EMP1048,37,Female,Marketing,Analyst,Bachelor,Married,78755,3,5,Yes,Good,20,Yes,1
EMP1049,56,Male,HR,Manager,Bachelor,Married,47856,18,7,No,Good,12,Yes,4
EMP1050,24,Male,Finance,Analyst,Master,Single,93870,16,6,No,Excellent,97,No,2
EMP1051,22,Male,Operations,Team Lead,Master,Married,44162,4,2,No,Excellent,91,No,3
EMP1052,26,Male,Operations,Team Lead,Master,Married,26008,6,0,Yes,Good,49,No,1
EMP1053,24,Male,HR,Manager,Diploma,Married,27987,17,5,No,Good,99,Yes,2
EMP1054,49,Female,Sales,Team Lead,Master,Single,82532,6,7,Yes,Low,44,Yes,1
EMP1055,38,Female,HR,Manager,Bachelor,Single,116502,16,5,No,Average,58,Yes,2
EMP1056,46,Female,Sales,Team Lead,Bachelor,Single,23332,6,4,Yes,Average,18,Yes,5
EMP1057,54,Male,Sales,Team Lead,MBA,Single,86323,3,7,No,Excellent,63,Yes,3
EMP1058,30,Male,IT,Manager,Master,Married,58990,7,1,No,Good,98,No,5
EMP1059,56,Male,Operations,Associate,Diploma,Single,29873,12,0,Yes,Low,57,Yes,2
EMP1060,34,Female,Marketing,Team Lead,Diploma,Married,102542,3,0,No,Excellent,31,No,4
EMP1061,51,Male,Sales,Analyst,Diploma,Married,105761,5,3,No,Low,51,No,5
EMP1062,35,Female,IT,Associate,MBA,Married,56444,4,5,Yes,Good,84,Yes,4
EMP1063,28,Female,Operations,Manager,Bachelor,Married,55340,11,8,Yes,Good,10,No,2
EMP1064,34,Male,Marketing,Associate,Diploma,Single,25033,3,0,Yes,Good,59,Yes,3
EMP1065,43,Male,Sales,Executive,Bachelor,Single,93324,8,0,Yes,Average,48,Yes,4
EMP1066,41,Female,Sales,Executive,MBA,Single,35689,3,4,Yes,Good,22,No,2
EMP1067,36,Male,HR,Team Lead,Master,Single,107134,18,9,No,Excellent,20,Yes,4
EMP1068,38,Female,HR,Team Lead,Master,Single,115239,13,4,Yes,Average,16,Yes,5
EMP1069,44,Male,Operations,Analyst,Master,Married,20066,4,4,No,Low,24,No,2
EMP1070,46,Male,Marketing,Associate,Diploma,Single,65246,17,9,No,Excellent,49,No,5
EMP1071,45,Female,Sales,Executive,Master,Single,27533,9,5,Yes,Excellent,68,No,1
EMP1072,49,Male,Operations,Team Lead,Diploma,Single,100639,18,7,No,Low,63,No,2
EMP1073,35,Female,Operations,Associate,MBA,Single,90152,11,2,No,Average,97,No,4
EMP1074,21,Male,Finance,Team Lead,MBA,Married,79658,17,8,Yes,Excellent,98,No,1
EMP1075,45,Female,HR,Team Lead,Diploma,Married,58498,16,0,No,Excellent,94,Yes,5
EMP1076,27,Female,Marketing,Executive,Bachelor,Married,31772,10,3,Yes,Excellent,26,Yes,5
EMP1077,29,Male,Sales,Executive,Master,Married,109385,2,8,Yes,Average,51,Yes,4
EMP1078,44,Female,Operations,Team Lead,Master,Married,69036,16,7,Yes,Average,33,No,1
EMP1079,21,Male,Sales,Manager,Master,Single,78531,0,9,No,Average,90,Yes,3
EMP1080,28,Male,Finance,Team Lead,Diploma,Married,32940,14,8,No,Excellent,49,No,4
EMP1081,44,Male,Marketing,Team Lead,MBA,Married,36932,8,0,No,Good,81,Yes,5
EMP1082,31,Female,Operations,Analyst,Master,Married,115305,14,8,No,Low,13,No,2
EMP1083,37,Female,Sales,Analyst,MBA,Single,76827,2,2,Yes,Good,28,Yes,1
EMP1084,28,Male,HR,Analyst,Master,Single,81431,18,9,No,Average,19,No,3
EMP1085,55,Male,Finance,Manager,Master,Married,44648,12,8,Yes,Excellent,40,No,2
EMP1086,55,Female,Marketing,Manager,Diploma,Single,52966,11,0,No,Excellent,17,No,1
EMP1087,53,Male,Finance,Team Lead,Bachelor,Single,47777,19,0,No,Good,95,No,4
EMP1088,25,Male,HR,Analyst,Diploma,Married,52567,0,8,No,Good,48,Yes,4
EMP1089,59,Female,Marketing,Manager,Master,Single,37174,16,5,No,Low,75,Yes,1
EMP1090,48,Male,Finance,Executive,Master,Single,62598,12,3,No,Excellent,76,No,3
EMP1091,27,Female,IT,Team Lead,Bachelor,Single,79199,0,6,Yes,Good,82,No,1
EMP1092,29,Male,HR,Associate,MBA,Married,33798,9,4,No,Low,80,No,2
EMP1093,28,Female,HR,Team Lead,MBA,Married,85364,14,9,No,Average,40,Yes,2
EMP1094,32,Male,HR,Associate,Master,Married,37558,6,6,No,Good,65,No,4
EMP1095,54,Male,IT,Analyst,MBA,Single,81084,17,7,No,Average,85,No,1
EMP1096,53,Female,IT,Associate,Master,Married,64237,15,7,Yes,Low,44,Yes,4
EMP1097,43,Male,Sales,Analyst,Bachelor,Single,85497,13,0,No,Average,97,No,3
EMP1098,44,Female,Operations,Executive,Bachelor,Single,20178,17,7,Yes,Excellent,31,No,2
EMP1099,57,Male,Finance,Associate,Master,Single,106006,6,5,No,Excellent,5,Yes,5
EMP1100,55,Female,Sales,Team Lead,Bachelor,Married,37118,16,3,Yes,Average,38,No,5
EMP1101,42,Female,Finance,Analyst,Diploma,Married,42616,17,7,Yes,Excellent,72,No,1
EMP1102,47,Female,Operations,Team Lead,Diploma,Married,20798,11,2,Yes,Low,92,Yes,1
EMP1103,55,Female,IT,Manager,Bachelor,Married,27601,7,3,Yes,Excellent,25,No,5
EMP1104,21,Male,Operations,Analyst,Master,Single,45363,1,5,Yes,Average,37,Yes,1
EMP1105,55,Male,IT,Associate,Master,Married,22795,6,6,No,Average,11,No,2
EMP1106,57,Female,Operations,Analyst,Bachelor,Single,117462,3,3,Yes,Average,69,No,3
EMP1107,34,Female,Sales,Team Lead,MBA,Married,65264,17,3,No,Good,7,No,3
EMP1108,23,Female,Marketing,Executive,Diploma,Married,92833,5,6,Yes,Average,55,No,4
EMP1109,21,Male,Sales,Analyst,MBA,Married,23084,8,5,Yes,Low,83,No,2
EMP1110,25,Male,Finance,Associate,Master,Single,115865,8,7,No,Excellent,99,Yes,1
EMP1111,46,Male,Sales,Manager,Master,Single,96646,13,0,Yes,Excellent,58,No,1
EMP1112,34,Male,HR,Executive,MBA,Single,20731,7,9,Yes,Good,84,No,4
EMP1113,59,Female,Finance,Manager,Bachelor,Single,21129,18,6,Yes,Good,78,Yes,4
EMP1114,47,Female,Operations,Analyst,MBA,Single,48022,2,6,Yes,Low,97,Yes,1
EMP1115,29,Female,Finance,Team Lead,MBA,Married,21605,17,6,No,Average,63,No,1
EMP1116,35,Male,Marketing,Team Lead,Diploma,Single,97506,4,6,Yes,Good,10,Yes,2
EMP1117,35,Male,IT,Associate,Diploma,Single,64130,13,9,Yes,Excellent,33,No,4
EMP1118,46,Male,Operations,Team Lead,MBA,Single,49265,3,9,No,Good,21,Yes,2
EMP1119,33,Female,Finance,Executive,MBA,Single,52330,6,7,No,Good,64,Yes,1
EMP1120,52,Female,Operations,Team Lead,Master,Married,88469,19,8,Yes,Average,26,No,5
EMP1121,59,Male,Operations,Associate,Diploma,Single,35187,11,8,Yes,Good,28,Yes,5
EMP1122,52,Female,Operations,Analyst,Diploma,Married,45791,1,1,No,Low,85,No,1
EMP1123,24,Male,IT,Analyst,Master,Married,110436,10,6,Yes,Excellent,89,Yes,4
EMP1124,50,Male,Sales,Team Lead,Bachelor,Married,90610,13,6,No,Average,55,Yes,5
EMP1125,57,Female,Operations,Manager,Diploma,Single,111962,15,3,Yes,Excellent,54,Yes,4
EMP1126,43,Male,HR,Analyst,Diploma,Married,59867,19,8,No,Low,15,No,5
EMP1127,59,Female,Marketing,Team Lead,Bachelor,Single,20893,5,7,No,Low,60,No,4
EMP1128,35,Male,IT,Associate,Diploma,Single,119694,3,0,No,Good,75,Yes,5
EMP1129,49,Female,Finance,Team Lead,Diploma,Single,39773,14,1,Yes,Good,46,No,4
EMP1130,56,Female,IT,Analyst,Bachelor,Single,24239,0,1,Yes,Good,43,No,2
EMP1131,33,Female,Finance,Associate,Bachelor,Single,40863,6,7,Yes,Excellent,73,No,4
EMP1132,52,Male,IT,Team Lead,MBA,Married,71415,11,0,Yes,Low,52,Yes,2
EMP1133,27,Male,Finance,Executive,Master,Married,88968,9,3,No,Average,61,No,2
EMP1134,42,Female,Operations,Associate,Master,Single,80430,4,9,No,Good,25,Yes,1
EMP1135,48,Female,Sales,Executive,Bachelor,Married,21515,11,4,No,Excellent,86,Yes,2
EMP1136,22,Male,Finance,Manager,Bachelor,Single,117206,17,8,Yes,Good,24,Yes,3
EMP1137,26,Male,Finance,Associate,Diploma,Married,34605,9,6,Yes,Low,19,Yes,2
EMP1138,48,Male,HR,Executive,MBA,Married,76240,5,7,Yes,Average,73,Yes,4
EMP1139,48,Female,Finance,Analyst,MBA,Married,25586,11,8,No,Low,81,No,2
EMP1140,40,Male,HR,Analyst,Bachelor,Married,51186,6,6,Yes,Excellent,55,No,4
EMP1141,50,Male,Marketing,Manager,Diploma,Married,46928,17,4,Yes,Good,80,Yes,4
EMP1142,31,Female,Operations,Associate,Diploma,Single,118264,1,4,No,Low,66,No,3
EMP1143,48,Male,HR,Associate,Master,Single,103087,9,9,No,Excellent,89,No,2
EMP1144,45,Male,Sales,Associate,Master,Married,107029,14,5,Yes,Good,41,No,2
EMP1145,59,Male,Operations,Manager,Diploma,Single,40711,11,4,No,Average,10,No,5
EMP1146,53,Female,HR,Associate,Master,Married,74962,16,8,Yes,Low,75,No,5
EMP1147,21,Female,Operations,Analyst,Bachelor,Single,40039,3,2,No,Good,30,No,1
EMP1148,47,Female,Operations,Executive,Diploma,Married,56561,6,2,No,Good,12,No,4
EMP1149,33,Female,Operations,Analyst,Master,Married,95483,8,6,No,Good,77,Yes,3
EMP1150,23,Female,Marketing,Analyst,MBA,Married,117871,18,6,Yes,Good,95,Yes,5
EMP1151,59,Female,Sales,Executive,Diploma,Single,101395,6,5,Yes,Low,8,Yes,2
EMP1152,26,Female,IT,Analyst,Diploma,Single,108658,1,2,Yes,Good,25,No,1
EMP1153,28,Male,IT,Manager,MBA,Married,21577,5,6,No,Excellent,35,No,3
EMP1154,47,Male,HR,Executive,Bachelor,Married,48350,17,4,No,Low,25,Yes,2
EMP1155,29,Female,Operations,Analyst,MBA,Single,53798,5,6,No,Good,29,No,2
EMP1156,57,Male,HR,Team Lead,Diploma,Single,117434,12,1,No,Low,19,No,4
EMP1157,53,Male,Marketing,Analyst,Bachelor,Single,101417,18,5,Yes,Excellent,39,Yes,4
EMP1158,44,Female,Marketing,Manager,Master,Single,30785,1,7,Yes,Excellent,53,Yes,5
EMP1159,35,Male,Finance,Associate,Master,Single,92227,11,0,Yes,Low,47,Yes,5
EMP1160,52,Male,Marketing,Analyst,Master,Married,81957,14,3,No,Good,45,No,2
EMP1161,52,Male,Finance,Associate,Diploma,Single,85431,13,0,No,Good,41,No,2
EMP1162,44,Male,Sales,Team Lead,MBA,Married,37297,5,0,Yes,Excellent,61,No,5
EMP1163,32,Male,HR,Analyst,Bachelor,Married,91894,17,9,No,Good,46,Yes,5
EMP1164,59,Female,Sales,Executive,Master,Single,83772,4,7,Yes,Excellent,51,Yes,2
EMP1165,22,Female,Marketing,Associate,Bachelor,Single,39581,17,6,No,Good,96,No,3
EMP1166,23,Female,Sales,Team Lead,Diploma,Married,75192,2,9,No,Excellent,65,Yes,2
EMP1167,57,Male,Sales,Executive,Master,Single,21462,2,0,Yes,Average,18,Yes,3
EMP1168,37,Female,Sales,Executive,Diploma,Married,84173,9,1,Yes,Good,72,No,3
EMP1169,22,Male,Marketing,Executive,MBA,Single,35511,18,3,No,Good,57,Yes,2
EMP1170,22,Male,Operations,Executive,Diploma,Single,96106,2,0,Yes,Good,88,Yes,1
EMP1171,48,Male,Sales,Analyst,Diploma,Single,68665,11,2,Yes,Low,38,Yes,5
EMP1172,43,Male,Finance,Analyst,MBA,Married,64414,15,7,No,Good,80,No,4
EMP1173,57,Female,Marketing,Analyst,Bachelor,Single,101010,16,7,No,Low,28,No,2
EMP1174,52,Female,Sales,Team Lead,MBA,Married,92573,6,7,No,Low,24,Yes,3
EMP1175,53,Male,Operations,Team Lead,MBA,Single,113665,12,5,Yes,Excellent,73,No,2
EMP1176,21,Female,Marketing,Team Lead,Diploma,Married,33386,1,5,No,Low,34,No,5
EMP1177,39,Male,IT,Manager,Bachelor,Single,74460,3,4,No,Low,92,No,3
EMP1178,22,Female,Operations,Team Lead,Master,Married,26221,9,8,No,Average,11,Yes,4
EMP1179,46,Female,Finance,Analyst,MBA,Married,43474,6,3,No,Good,40,No,4
EMP1180,52,Male,Sales,Analyst,Bachelor,Married,41045,16,9,No,Low,42,Yes,4
EMP1181,26,Female,IT,Manager,MBA,Married,111319,19,6,Yes,Good,84,Yes,1
EMP1182,52,Male,IT,Manager,MBA,Married,24922,5,0,No,Low,56,No,3
EMP1183,24,Female,Marketing,Team Lead,MBA,Married,42706,18,8,No,Excellent,19,Yes,3
EMP1184,31,Male,IT,Associate,MBA,Single,62771,4,6,Yes,Average,50,No,1
EMP1185,37,Male,Finance,Manager,Diploma,Married,72335,9,9,No,Low,27,No,3
EMP1186,58,Female,Finance,Executive,Bachelor,Married,118015,8,8,No,Good,16,Yes,1
EMP1187,44,Female,HR,Analyst,Bachelor,Married,72949,12,6,Yes,Excellent,97,Yes,2
EMP1188,25,Male,Finance,Executive,Bachelor,Single,90714,18,1,No,Good,48,No,5
EMP1189,54,Female,Operations,Analyst,MBA,Single,115558,5,5,Yes,Excellent,19,No,4
EMP1190,26,Female,IT,Analyst,Diploma,Single,35240,3,9,No,Average,97,No,1
EMP1191,42,Male,Finance,Manager,MBA,Married,111756,2,3,Yes,Excellent,53,No,1
EMP1192,31,Male,Marketing,Manager,MBA,Single,22716,2,2,Yes,Good,25,Yes,1
EMP1193,36,Female,HR,Executive,Bachelor,Single,36574,3,1,No,Good,19,Yes,2
EMP1194,53,Male,IT,Analyst,MBA,Married,103255,4,5,Yes,Low,18,Yes,1
EMP1195,29,Male,HR,Executive,Master,Married,93717,7,7,Yes,Excellent,46,No,5
EMP1196,26,Male,IT,Associate,MBA,Single,64066,15,5,No,Good,84,Yes,5
EMP1197,36,Female,Marketing,Executive,Master,Married,81826,2,8,No,Low,19,Yes,4
EMP1198,49,Female,HR,Team Lead,MBA,Married,40213,11,4,Yes,Average,67,Yes,2
EMP1199,23,Male,Sales,Executive,Diploma,Married,91916,7,1,No,Good,72,Yes,5
EMP1200,40,Female,Operations,Team Lead,Diploma,Married,86151,12,7,Yes,Low,31,No,3
EMP1201,56,Male,Operations,Team Lead,Bachelor,Single,70906,3,8,Yes,Good,91,Yes,3
EMP1202,39,Female,IT,Team Lead,MBA,Married,20463,13,9,No,Excellent,97,Yes,3
EMP1203,46,Male,Sales,Associate,Master,Single,51973,13,3,No,Low,57,Yes,1
EMP1204,23,Male,HR,Executive,Master,Single,94694,12,5,Yes,Excellent,56,Yes,1
EMP1205,39,Female,Sales,Executive,MBA,Single,40651,5,9,No,Average,67,No,3
EMP1206,40,Male,Sales,Associate,Master,Single,88694,16,7,No,Excellent,77,No,4
EMP1207,52,Female,HR,Analyst,Diploma,Married,40008,3,8,Yes,Low,57,Yes,4
EMP1208,27,Female,Marketing,Manager,Master,Married,90474,7,4,Yes,Good,61,No,1
EMP1209,53,Male,Sales,Executive,Bachelor,Married,58185,16,5,Yes,Low,56,No,3
EMP1210,59,Male,Sales,Manager,Diploma,Single,107924,2,3,Yes,Excellent,47,No,4
EMP1211,38,Female,Marketing,Associate,Diploma,Single,94417,16,4,Yes,Excellent,11,No,1
EMP1212,21,Male,Sales,Analyst,Diploma,Single,91139,8,6,Yes,Good,46,Yes,3
EMP1213,31,Male,Sales,Analyst,MBA,Married,54980,1,8,No,Average,8,No,2
EMP1214,48,Male,Sales,Analyst,MBA,Single,42504,12,9,Yes,Low,73,No,3
EMP1215,45,Male,Operations,Associate,Diploma,Married,74970,19,5,No,Good,9,Yes,3
EMP1216,43,Male,Finance,Team Lead,MBA,Married,36766,1,5,No,Good,79,Yes,5
EMP1217,51,Female,Marketing,Team Lead,Master,Married,113922,19,7,Yes,Good,96,Yes,5
EMP1218,50,Female,Sales,Manager,MBA,Married,31695,10,3,No,Low,84,Yes,2
EMP1219,55,Male,Operations,Team Lead,MBA,Single,37796,14,2,Yes,Low,45,No,2
EMP1220,27,Male,Marketing,Team Lead,Diploma,Married,62543,10,6,No,Low,98,Yes,3
EMP1221,36,Male,IT,Analyst,Bachelor,Single,34559,2,4,Yes,Average,8,No,4
EMP1222,46,Female,IT,Analyst,Bachelor,Married,53139,2,1,Yes,Good,6,No,2
EMP1223,22,Male,Sales,Manager,Bachelor,Single,28802,11,1,Yes,Excellent,71,Yes,3
EMP1224,21,Female,Operations,Executive,Master,Single,93843,4,5,Yes,Excellent,25,Yes,1
EMP1225,32,Female,Operations,Manager,MBA,Married,60205,19,7,No,Good,74,No,5
EMP1226,25,Female,Marketing,Manager,Bachelor,Married,118750,6,0,No,Excellent,47,No,4
EMP1227,57,Male,Marketing,Associate,Diploma,Married,54159,6,5,No,Average,86,Yes,3
EMP1228,52,Female,Operations,Associate,Bachelor,Single,31516,12,1,No,Average,73,Yes,1
EMP1229,29,Male,Marketing,Manager,Bachelor,Married,70492,8,1,No,Low,13,Yes,5
EMP1230,55,Female,Operations,Manager,MBA,Married,49086,12,6,Yes,Low,88,No,1
EMP1231,39,Male,Finance,Manager,MBA,Single,50480,11,9,Yes,Low,32,No,3
EMP1232,36,Female,Operations,Team Lead,MBA,Married,72091,12,0,Yes,Low,30,Yes,2
EMP1233,23,Male,IT,Associate,Master,Single,67766,9,5,Yes,Low,86,No,5
EMP1234,40,Female,Marketing,Manager,Master,Married,58737,0,6,Yes,Excellent,87,Yes,1
EMP1235,44,Male,Operations,Analyst,Bachelor,Single,29265,7,7,No,Excellent,7,No,2
EMP1236,53,Male,Operations,Analyst,MBA,Single,90990,15,6,Yes,Low,77,No,4
EMP1237,44,Male,Marketing,Team Lead,Bachelor,Married,111717,12,5,Yes,Average,99,Yes,3
EMP1238,31,Male,Finance,Team Lead,Diploma,Single,35386,2,8,No,Excellent,53,Yes,3
EMP1239,28,Female,Finance,Executive,Diploma,Married,57425,2,2,No,Average,21,Yes,5
EMP1240,56,Female,Marketing,Executive,MBA,Married,63254,4,5,Yes,Average,67,No,1
EMP1241,58,Male,HR,Executive,MBA,Single,109863,10,3,Yes,Good,59,No,4
EMP1242,40,Female,Marketing,Team Lead,Diploma,Married,73634,6,1,No,Good,27,Yes,5
EMP1243,55,Male,Marketing,Team Lead,MBA,Single,106717,9,0,Yes,Low,38,No,5
EMP1244,45,Male,Finance,Team Lead,Master,Single,67662,9,0,Yes,Average,73,Yes,1
EMP1245,55,Female,Finance,Analyst,Master,Single,106988,19,9,Yes,Excellent,19,No,4
EMP1246,45,Male,Marketing,Team Lead,MBA,Single,119287,1,2,No,Good,51,Yes,1
EMP1247,49,Male,Marketing,Analyst,Diploma,Single,107527,2,3,Yes,Good,7,No,3
EMP1248,38,Female,Marketing,Executive,Bachelor,Single,95452,7,1,Yes,Average,87,No,2
EMP1249,38,Male,Finance,Executive,MBA,Single,30143,10,0,No,Good,32,No,3
EMP1250,22,Male,Marketing,Executive,MBA,Single,111391,12,3,No,Good,7,No,3
EMP1251,55,Male,Marketing,Manager,Bachelor,Married,35581,6,6,No,Excellent,8,Yes,5
EMP1252,36,Male,Sales,Manager,MBA,Married,87443,12,9,Yes,Average,92,No,3
EMP1253,56,Female,HR,Associate,Bachelor,Single,49424,1,5,No,Good,35,Yes,4
EMP1254,53,Female,IT,Associate,Diploma,Married,108844,5,5,Yes,Average,49,Yes,3
EMP1255,24,Female,HR,Associate,Master,Married,61984,8,8,No,Good,63,Yes,4
EMP1256,53,Male,Sales,Manager,Diploma,Married,61505,19,1,Yes,Excellent,49,Yes,1
EMP1257,34,Male,IT,Manager,Master,Married,82699,1,3,No,Average,79,No,5
EMP1258,41,Female,Marketing,Associate,Bachelor,Married,46957,17,4,Yes,Good,41,Yes,4
EMP1259,40,Male,Sales,Associate,Master,Married,45464,15,0,Yes,Excellent,69,No,3
EMP1260,28,Male,Marketing,Team Lead,Diploma,Single,43649,11,7,No,Good,13,No,5
EMP1261,27,Male,Finance,Associate,Master,Married,62065,6,7,No,Average,21,No,5
EMP1262,23,Male,Operations,Team Lead,Bachelor,Married,112661,6,5,Yes,Good,69,No,4
EMP1263,37,Female,Sales,Analyst,Master,Married,54758,16,4,No,Average,7,Yes,4
EMP1264,53,Female,Finance,Manager,MBA,Married,25596,12,7,Yes,Average,30,No,2
EMP1265,32,Female,Sales,Associate,Diploma,Single,36374,10,2,No,Good,57,Yes,2
EMP1266,42,Male,Sales,Manager,MBA,Single,23775,5,2,No,Excellent,35,No,5
EMP1267,42,Female,Finance,Manager,Bachelor,Single,47388,13,1,Yes,Low,30,No,2
EMP1268,50,Female,IT,Manager,Master,Single,41029,5,4,No,Excellent,27,Yes,3
EMP1269,58,Male,HR,Analyst,MBA,Married,103981,5,2,No,Excellent,34,No,1
EMP1270,58,Male,Marketing,Executive,MBA,Single,73639,1,2,Yes,Good,14,No,5
EMP1271,28,Female,Sales,Associate,Master,Single,34645,19,5,Yes,Excellent,76,No,1
EMP1272,47,Female,Marketing,Executive,Master,Single,51105,14,7,No,Excellent,93,No,2
EMP1273,47,Female,Operations,Executive,Diploma,Single,33668,16,1,Yes,Low,68,No,4
EMP1274,54,Female,Finance,Executive,MBA,Married,35960,7,3,No,Excellent,26,Yes,5
EMP1275,41,Male,Marketing,Manager,MBA,Single,31357,4,6,No,Low,19,No,2
EMP1276,50,Female,Finance,Team Lead,Bachelor,Married,84604,16,0,Yes,Good,60,No,3
EMP1277,53,Female,Marketing,Manager,Diploma,Single,71796,19,0,Yes,Low,78,Yes,5
EMP1278,48,Male,HR,Manager,Bachelor,Married,35804,0,9,Yes,Average,24,No,5
EMP1279,53,Female,HR,Executive,MBA,Married,34626,17,6,Yes,Average,51,Yes,4
EMP1280,25,Male,HR,Manager,Bachelor,Single,48132,14,6,Yes,Low,91,No,5
EMP1281,39,Male,HR,Executive,MBA,Single,27951,4,0,Yes,Average,57,No,4
EMP1282,24,Male,HR,Team Lead,MBA,Single,26449,6,0,No,Good,57,Yes,2
EMP1283,55,Female,HR,Associate,Bachelor,Single,39065,17,3,No,Average,5,No,3
EMP1284,37,Female,Finance,Executive,Bachelor,Married,29130,5,4,Yes,Low,6,No,3
EMP1285,48,Male,Sales,Team Lead,Master,Married,109360,4,4,No,Good,62,Yes,5
EMP1286,50,Female,Marketing,Associate,Master,Single,82287,18,3,No,Average,23,Yes,5
EMP1287,49,Female,HR,Analyst,Master,Single,71702,9,7,No,Good,66,No,2
EMP1288,26,Male,Finance,Executive,MBA,Married,56993,14,6,No,Low,82,Yes,4
EMP1289,55,Male,Finance,Executive,Bachelor,Single,51875,9,8,Yes,Average,76,No,3
EMP1290,57,Female,Finance,Analyst,Diploma,Married,26054,15,6,No,Good,16,Yes,4
EMP1291,44,Male,Sales,Analyst,MBA,Single,119809,11,9,No,Good,30,No,2
EMP1292,49,Female,Marketing,Executive,Diploma,Married,68517,17,0,Yes,Average,31,Yes,3
EMP1293,51,Female,Sales,Analyst,Bachelor,Married,96368,0,6,Yes,Good,33,Yes,3
EMP1294,55,Female,IT,Manager,MBA,Married,49670,15,0,Yes,Good,19,Yes,1
EMP1295,53,Female,Finance,Associate,Diploma,Married,69112,5,6,Yes,Low,50,Yes,2
EMP1296,41,Male,IT,Associate,Diploma,Married,108388,2,9,No,Low,5,Yes,2
EMP1297,52,Male,Operations,Associate,Master,Single,109156,1,7,Yes,Low,64,Yes,1
EMP1298,43,Male,HR,Manager,Master,Married,48307,1,8,No,Low,96,Yes,4
EMP1299,53,Male,HR,Analyst,Master,Single,87087,12,2,No,Low,61,Yes,1
EMP1300,23,Female,Sales,Team Lead,MBA,Married,67922,8,3,Yes,Low,7,Yes,2
EMP1301,38,Female,Marketing,Analyst,Bachelor,Married,83080,15,3,Yes,Average,22,No,4
EMP1302,45,Male,IT,Executive,Bachelor,Single,113348,4,8,Yes,Low,56,Yes,3
EMP1303,51,Female,Marketing,Associate,Master,Single,99335,6,6,Yes,Good,64,No,1
EMP1304,23,Female,Sales,Analyst,Master,Single,46312,12,2,Yes,Average,38,Yes,4
EMP1305,44,Female,HR,Team Lead,Master,Single,86985,19,9,Yes,Good,97,No,4
EMP1306,52,Male,Marketing,Executive,Diploma,Married,77608,12,4,No,Low,93,No,4
EMP1307,42,Male,Marketing,Manager,Master,Single,109962,6,6,No,Low,64,Yes,1
EMP1308,43,Male,HR,Manager,Diploma,Married,60277,9,7,No,Good,30,Yes,3
EMP1309,22,Female,IT,Team Lead,Bachelor,Single,51551,14,0,No,Good,76,No,4
EMP1310,47,Male,HR,Executive,MBA,Single,109813,5,1,Yes,Good,23,No,1
EMP1311,22,Male,Marketing,Associate,MBA,Married,76597,4,6,Yes,Excellent,26,Yes,2
EMP1312,46,Male,IT,Analyst,MBA,Married,65212,1,1,No,Excellent,97,Yes,1
EMP1313,37,Male,IT,Executive,MBA,Single,29637,14,6,No,Excellent,37,Yes,1
EMP1314,53,Male,HR,Manager,Diploma,Married,63258,15,8,No,Excellent,42,No,1
EMP1315,29,Male,Marketing,Team Lead,Diploma,Married,55693,18,1,Yes,Average,39,Yes,4
EMP1316,59,Female,Sales,Team Lead,Master,Married,29824,8,6,Yes,Low,71,Yes,1
EMP1317,49,Female,Marketing,Analyst,Diploma,Married,46950,18,3,Yes,Good,87,Yes,2
EMP1318,46,Male,Finance,Team Lead,Master,Married,43488,6,1,No,Low,14,Yes,4
EMP1319,55,Male,Operations,Team Lead,Master,Married,20215,3,6,No,Good,95,Yes,2
EMP1320,45,Female,Sales,Executive,MBA,Married,31523,2,4,Yes,Low,19,No,5
EMP1321,44,Female,IT,Associate,Diploma,Married,95900,19,0,Yes,Average,15,No,1
EMP1322,33,Male,Sales,Analyst,Diploma,Single,88689,10,4,No,Excellent,94,Yes,4
EMP1323,27,Male,IT,Executive,Master,Married,43834,0,2,No,Low,28,Yes,4
EMP1324,56,Male,IT,Associate,Master,Single,54474,5,6,Yes,Good,81,No,1
EMP1325,40,Male,Sales,Executive,Bachelor,Married,63066,10,5,No,Low,8,Yes,3
EMP1326,21,Female,IT,Executive,Bachelor,Married,119871,0,7,Yes,Average,17,No,3
EMP1327,28,Male,IT,Team Lead,Master,Married,30400,6,4,Yes,Average,77,Yes,2
EMP1328,36,Male,Finance,Associate,Bachelor,Married,30345,5,1,No,Low,61,No,1
EMP1329,34,Male,Marketing,Analyst,Bachelor,Single,53896,13,8,No,Excellent,41,No,1
EMP1330,32,Male,Marketing,Analyst,Master,Single,105430,1,7,No,Good,52,Yes,5
EMP1331,43,Female,Operations,Associate,Master,Married,48899,3,5,Yes,Average,75,No,3
EMP1332,35,Female,Operations,Team Lead,Diploma,Single,48229,10,9,No,Average,5,Yes,3
EMP1333,48,Female,Finance,Manager,Master,Married,25583,14,6,No,Low,64,No,1
EMP1334,54,Male,Operations,Executive,Master,Married,24897,17,8,Yes,Average,16,Yes,2
EMP1335,22,Male,Sales,Team Lead,MBA,Single,91537,0,6,Yes,Average,25,Yes,1
EMP1336,52,Female,HR,Associate,Diploma,Single,24567,2,2,No,Good,15,Yes,2
EMP1337,43,Male,HR,Executive,Diploma,Married,94807,2,5,Yes,Excellent,48,No,3
EMP1338,42,Male,HR,Analyst,Diploma,Married,97239,6,6,Yes,Good,62,Yes,5
EMP1339,45,Female,Finance,Manager,MBA,Single,33329,0,1,Yes,Excellent,48,Yes,4
EMP1340,42,Female,Finance,Analyst,Master,Married,91792,10,2,No,Good,82,Yes,3
EMP1341,42,Female,IT,Associate,Diploma,Single,20228,5,3,No,Low,38,No,2
EMP1342,26,Female,HR,Executive,Diploma,Married,110282,19,9,Yes,Average,29,Yes,1
EMP1343,35,Male,Sales,Associate,Bachelor,Married,102214,2,5,Yes,Excellent,8,No,3
EMP1344,57,Male,Operations,Executive,Diploma,Single,57052,18,0,Yes,Low,68,No,5
EMP1345,53,Female,Sales,Team Lead,Master,Single,77769,1,8,No,Average,94,No,2
EMP1346,28,Male,Operations,Manager,Master,Single,66032,17,4,Yes,Average,20,Yes,1
EMP1347,25,Female,HR,Team Lead,Bachelor,Married,108721,11,6,Yes,Average,14,Yes,4
EMP1348,59,Female,HR,Team Lead,Diploma,Married,53686,9,8,No,Good,70,No,2
EMP1349,24,Male,HR,Associate,Diploma,Married,96981,4,8,Yes,Low,39,Yes,1
EMP1350,26,Female,Finance,Manager,Diploma,Married,118802,8,0,No,Low,87,Yes,4
EMP1351,52,Male,Operations,Executive,MBA,Single,83261,1,0,No,Average,10,No,1
EMP1352,50,Male,Finance,Executive,Diploma,Married,22809,1,2,No,Excellent,23,No,4
EMP1353,55,Male,Finance,Analyst,Master,Married,61785,5,5,Yes,Low,63,Yes,4
EMP1354,36,Male,Marketing,Executive,Master,Married,56547,9,1,Yes,Good,57,No,4
EMP1355,33,Female,Sales,Associate,MBA,Single,62818,17,9,No,Excellent,12,Yes,1
EMP1356,50,Male,Sales,Team Lead,MBA,Married,91927,11,0,Yes,Excellent,82,No,4
EMP1357,39,Female,IT,Team Lead,Diploma,Married,85681,3,0,No,Excellent,14,Yes,2
EMP1358,37,Female,Finance,Team Lead,Bachelor,Single,99465,16,4,Yes,Excellent,71,Yes,5
EMP1359,39,Female,Operations,Manager,MBA,Married,109862,14,3,No,Low,42,No,5
EMP1360,48,Female,Marketing,Executive,MBA,Married,115527,5,0,No,Average,33,Yes,4
EMP1361,46,Male,Marketing,Associate,Diploma,Single,57333,15,3,Yes,Excellent,19,Yes,5
EMP1362,57,Male,Sales,Manager,Diploma,Married,36576,16,2,Yes,Good,91,No,5
EMP1363,46,Female,Finance,Analyst,MBA,Married,59405,2,1,Yes,Good,27,Yes,4
EMP1364,43,Female,IT,Associate,Bachelor,Married,114000,9,8,Yes,Average,86,Yes,4
EMP1365,29,Male,Finance,Associate,MBA,Single,93779,4,0,No,Low,50,Yes,2
EMP1366,32,Female,HR,Associate,Diploma,Married,51601,13,6,No,Average,87,No,3
EMP1367,21,Male,Finance,Team Lead,Diploma,Married,87946,12,3,Yes,Excellent,32,No,1
EMP1368,21,Female,HR,Associate,MBA,Single,87356,5,4,Yes,Low,30,No,4
EMP1369,54,Male,HR,Executive,Bachelor,Single,72116,11,9,No,Low,14,No,4
EMP1370,52,Female,IT,Associate,MBA,Married,82894,7,4,Yes,Excellent,51,No,5
EMP1371,45,Female,Operations,Team Lead,MBA,Married,54635,4,0,Yes,Good,8,Yes,2
EMP1372,21,Male,Sales,Associate,Diploma,Married,27465,14,5,Yes,Excellent,59,Yes,5
EMP1373,36,Female,Finance,Analyst,Bachelor,Married,76754,15,8,Yes,Average,70,Yes,4
EMP1374,59,Female,HR,Analyst,Master,Single,117975,0,1,No,Excellent,71,No,4
EMP1375,25,Male,Finance,Team Lead,Bachelor,Married,112850,15,6,No,Good,11,Yes,5
EMP1376,42,Female,Operations,Executive,MBA,Single,105119,4,5,Yes,Excellent,59,No,4
EMP1377,49,Male,Sales,Executive,MBA,Single,112691,2,4,No,Average,84,Yes,3
EMP1378,23,Male,Operations,Manager,MBA,Married,58871,19,3,Yes,Average,35,No,1
EMP1379,32,Female,Sales,Team Lead,Bachelor,Married,82874,14,3,Yes,Good,78,Yes,1
EMP1380,46,Female,Marketing,Associate,Diploma,Single,97733,12,5,Yes,Average,23,Yes,1
EMP1381,36,Female,Sales,Team Lead,MBA,Single,49511,15,3,No,Average,32,No,3
EMP1382,57,Female,IT,Manager,MBA,Married,100960,10,4,No,Excellent,85,Yes,4
EMP1383,42,Female,Operations,Team Lead,Bachelor,Single,68821,1,5,No,Low,32,Yes,5
EMP1384,49,Female,HR,Team Lead,Master,Married,85776,5,4,No,Average,23,No,2
EMP1385,34,Female,Marketing,Manager,Master,Married,90167,5,6,No,Average,91,Yes,4
EMP1386,48,Male,IT,Executive,Diploma,Single,95135,13,8,Yes,Good,24,Yes,3
EMP1387,25,Female,Finance,Associate,Diploma,Single,64462,10,9,Yes,Good,17,No,3
EMP1388,50,Male,Operations,Manager,MBA,Married,81382,7,6,No,Excellent,81,No,1
EMP1389,25,Female,HR,Analyst,Bachelor,Single,110194,7,6,No,Excellent,47,No,4
EMP1390,32,Female,Sales,Executive,MBA,Married,52574,0,3,No,Average,15,No,1
EMP1391,36,Male,HR,Analyst,Diploma,Married,61910,6,0,Yes,Low,52,No,2
EMP1392,46,Female,Finance,Executive,Bachelor,Married,93531,5,7,No,Low,19,Yes,1
EMP1393,46,Female,Marketing,Associate,Bachelor,Single,45186,7,3,Yes,Excellent,21,No,2
EMP1394,41,Male,Marketing,Associate,Diploma,Married,114781,18,0,Yes,Good,58,No,3
EMP1395,59,Female,Operations,Team Lead,Master,Married,42813,19,4,No,Average,54,Yes,1
EMP1396,56,Female,Marketing,Analyst,Master,Married,98812,7,7,Yes,Average,32,Yes,1
EMP1397,53,Female,Operations,Executive,Bachelor,Married,105525,13,3,Yes,Low,87,Yes,5
EMP1398,50,Male,Operations,Associate,MBA,Married,98282,17,7,No,Excellent,8,Yes,3
EMP1399,57,Female,Operations,Manager,Master,Married,38557,15,7,Yes,Low,26,Yes,5
EMP1400,43,Female,Sales,Associate,MBA,Married,48060,8,2,No,Low,90,No,2
EMP1401,30,Female,IT,Manager,Master,Married,78866,14,8,Yes,Excellent,43,Yes,2
EMP1402,25,Female,Operations,Executive,Master,Married,92104,9,2,No,Good,38,No,3
EMP1403,56,Male,Operations,Associate,MBA,Married,104577,15,0,No,Average,48,Yes,2
EMP1404,54,Male,IT,Associate,Diploma,Married,26080,3,1,Yes,Good,46,No,3
EMP1405,51,Female,HR,Executive,Master,Single,33854,19,5,No,Excellent,44,Yes,2
EMP1406,30,Female,Operations,Associate,Master,Married,87695,12,9,Yes,Excellent,16,No,4
EMP1407,39,Male,Sales,Manager,MBA,Married,47025,4,1,Yes,Average,6,No,1
EMP1408,52,Male,Marketing,Associate,Diploma,Married,72982,6,5,No,Good,32,No,4
EMP1409,21,Female,Marketing,Analyst,Master,Single,61081,8,0,Yes,Average,78,No,3
EMP1410,25,Male,Finance,Team Lead,Master,Married,24368,7,0,No,Low,90,No,3
EMP1411,24,Female,Finance,Manager,Diploma,Single,119621,15,4,Yes,Low,85,No,4
EMP1412,36,Male,Marketing,Analyst,Master,Married,47094,5,9,Yes,Low,94,No,1
EMP1413,44,Male,Marketing,Executive,Diploma,Married,66040,15,8,No,Good,71,No,1
EMP1414,36,Male,Sales,Manager,Diploma,Single,86766,5,7,Yes,Low,75,No,5
EMP1415,22,Male,IT,Team Lead,MBA,Married,103053,13,2,Yes,Average,76,No,2
EMP1416,48,Female,Finance,Team Lead,Bachelor,Single,43991,0,2,Yes,Good,88,Yes,5
EMP1417,52,Male,IT,Executive,Diploma,Single,21301,8,0,Yes,Average,80,No,1
EMP1418,47,Male,Sales,Executive,MBA,Married,48610,12,2,Yes,Excellent,85,No,4
EMP1419,40,Female,Marketing,Manager,Bachelor,Married,101463,18,0,Yes,Good,96,Yes,2
EMP1420,44,Male,Operations,Associate,Master,Married,54678,16,7,Yes,Average,14,No,4
EMP1421,32,Male,IT,Executive,Bachelor,Married,44466,10,0,Yes,Average,90,No,5
EMP1422,55,Female,Marketing,Associate,Diploma,Single,100440,7,4,No,Good,61,Yes,3
EMP1423,53,Male,Marketing,Analyst,Diploma,Single,60875,4,8,Yes,Excellent,90,Yes,4
EMP1424,53,Female,HR,Team Lead,Diploma,Married,46081,9,6,Yes,Good,41,No,5
EMP1425,57,Female,IT,Associate,Diploma,Single,44354,6,3,No,Low,81,Yes,5
EMP1426,32,Female,Operations,Team Lead,Diploma,Single,113297,9,8,No,Low,95,No,5
EMP1427,23,Female,IT,Associate,MBA,Married,38300,3,8,No,Excellent,68,No,3
EMP1428,21,Male,Marketing,Analyst,Diploma,Single,84384,8,1,Yes,Average,83,No,3
EMP1429,53,Female,Operations,Executive,MBA,Single,115027,13,9,No,Average,90,Yes,3
EMP1430,30,Male,Sales,Analyst,Master,Married,80892,1,9,No,Average,98,No,2
EMP1431,49,Male,HR,Executive,Diploma,Single,55525,8,5,Yes,Good,44,No,3
EMP1432,33,Male,Marketing,Executive,Diploma,Married,46532,0,3,Yes,Good,64,Yes,3
EMP1433,32,Male,Finance,Team Lead,Bachelor,Single,26464,9,7,No,Excellent,52,No,3
EMP1434,51,Male,Finance,Analyst,Master,Married,36562,9,6,No,Low,23,No,4
EMP1435,22,Male,HR,Associate,Diploma,Single,75514,19,6,Yes,Average,76,No,3
EMP1436,55,Male,Sales,Analyst,Diploma,Single,94219,2,9,Yes,Low,37,No,2
EMP1437,43,Male,Marketing,Team Lead,Master,Married,52634,5,8,Yes,Good,48,No,5
EMP1438,37,Male,IT,Executive,MBA,Married,20060,5,4,Yes,Good,96,No,4
EMP1439,46,Male,HR,Team Lead,Diploma,Married,29269,1,5,Yes,Good,41,Yes,1
EMP1440,28,Female,Sales,Manager,Bachelor,Married,83143,17,0,No,Low,93,No,3
EMP1441,49,Female,IT,Manager,Diploma,Single,43065,1,5,Yes,Excellent,40,No,5
EMP1442,46,Female,Finance,Associate,Bachelor,Single,22895,11,1,Yes,Excellent,85,Yes,5
EMP1443,30,Male,Finance,Team Lead,Bachelor,Single,100859,4,5,Yes,Good,92,No,4
EMP1444,46,Female,IT,Associate,Diploma,Married,32352,19,8,Yes,Average,25,No,1
EMP1445,54,Female,HR,Associate,Diploma,Single,69737,6,7,Yes,Low,6,Yes,2
EMP1446,27,Female,Finance,Manager,Bachelor,Single,116426,15,8,No,Good,35,Yes,5
EMP1447,24,Male,Marketing,Associate,Master,Married,52016,19,9,Yes,Low,34,Yes,5
EMP1448,31,Male,Operations,Manager,Master,Married,81304,0,7,No,Low,80,Yes,5
EMP1449,49,Male,IT,Executive,Diploma,Single,31962,0,2,Yes,Excellent,48,Yes,5
EMP1450,56,Male,IT,Team Lead,MBA,Married,53302,16,7,No,Good,16,Yes,4
EMP1451,45,Female,Finance,Associate,Master,Single,105382,0,5,No,Excellent,55,Yes,1
EMP1452,41,Female,HR,Manager,Diploma,Single,24011,19,5,Yes,Good,53,No,5
EMP1453,56,Female,Marketing,Analyst,Master,Married,39782,12,5,Yes,Low,28,No,2
EMP1454,30,Female,HR,Associate,MBA,Single,87691,8,2,Yes,Excellent,28,No,2
EMP1455,57,Male,Sales,Executive,Diploma,Married,59725,14,9,Yes,Low,64,Yes,3
EMP1456,29,Male,Sales,Executive,MBA,Married,29196,2,0,Yes,Good,15,No,5
EMP1457,44,Male,Operations,Analyst,Diploma,Single,63459,13,3,No,Average,17,Yes,5
EMP1458,55,Female,Finance,Manager,MBA,Single,107245,10,9,Yes,Excellent,95,No,5
EMP1459,55,Male,Finance,Associate,Master,Single,98863,11,5,Yes,Excellent,76,No,5
EMP1460,56,Male,Finance,Manager,Master,Married,52769,12,9,No,Low,78,No,5
EMP1461,38,Female,Operations,Executive,MBA,Single,44700,12,1,Yes,Low,76,No,2
EMP1462,59,Female,Sales,Manager,MBA,Married,100356,0,6,No,Average,68,Yes,1
EMP1463,52,Male,HR,Executive,MBA,Married,96427,9,6,Yes,Excellent,24,Yes,1
EMP1464,44,Male,Operations,Manager,Diploma,Single,25269,2,3,No,Good,76,No,3
EMP1465,43,Male,Operations,Analyst,Master,Married,63880,3,3,Yes,Good,77,Yes,2
EMP1466,52,Male,HR,Team Lead,Diploma,Single,28320,15,0,No,Excellent,75,Yes,5
EMP1467,57,Male,Finance,Analyst,Master,Single,69589,7,1,No,Excellent,82,No,1
EMP1468,32,Male,Marketing,Analyst,Bachelor,Single,96276,15,8,Yes,Excellent,32,Yes,4
EMP1469,33,Female,HR,Team Lead,Diploma,Single,55897,16,9,Yes,Average,6,Yes,4
EMP1470,43,Female,Sales,Team Lead,Master,Single,78565,18,7,Yes,Good,47,Yes,4
EMP1471,45,Female,IT,Associate,Master,Single,50930,14,7,No,Good,12,Yes,5
EMP1472,55,Male,IT,Associate,Diploma,Single,77233,15,8,No,Low,17,No,5
EMP1473,50,Female,Operations,Analyst,Diploma,Married,102821,14,6,No,Low,89,No,3
EMP1474,37,Male,IT,Analyst,Master,Single,34380,1,8,Yes,Excellent,96,Yes,3
EMP1475,40,Male,Marketing,Executive,Diploma,Married,96896,10,9,Yes,Low,39,No,3
EMP1476,45,Female,Finance,Executive,MBA,Married,90934,0,1,No,Average,27,No,4
EMP1477,42,Male,Sales,Associate,Diploma,Married,75830,14,5,Yes,Good,50,No,5
EMP1478,33,Male,Marketing,Associate,Diploma,Single,25529,18,2,No,Good,19,Yes,4
EMP1479,39,Female,Sales,Executive,Diploma,Married,114598,3,5,Yes,Low,6,Yes,3
EMP1480,56,Female,Sales,Executive,Master,Married,102987,10,2,Yes,Excellent,65,No,5
EMP1481,32,Female,Finance,Manager,MBA,Single,69178,4,7,No,Low,80,No,2
EMP1482,39,Male,Operations,Manager,Bachelor,Single,26937,2,3,Yes,Excellent,68,Yes,1
EMP1483,32,Female,IT,Executive,Bachelor,Married,59886,12,9,Yes,Average,56,No,1
EMP1484,29,Female,Finance,Manager,MBA,Single,69699,9,5,Yes,Good,40,Yes,3
EMP1485,27,Male,Marketing,Team Lead,MBA,Single,96396,10,8,Yes,Average,71,No,4
EMP1486,48,Female,Operations,Associate,MBA,Single,110678,17,1,Yes,Good,73,Yes,2
EMP1487,34,Female,Marketing,Associate,Master,Single,45279,1,1,No,Average,71,Yes,5
EMP1488,51,Female,Operations,Executive,Bachelor,Married,58106,6,6,Yes,Low,51,Yes,4
EMP1489,39,Male,Marketing,Analyst,MBA,Single,99737,8,1,No,Average,87,Yes,3
EMP1490,36,Male,Finance,Executive,Master,Single,60544,9,1,Yes,Average,6,No,4
EMP1491,25,Male,Operations,Manager,Bachelor,Single,28997,17,3,Yes,Low,48,Yes,3
EMP1492,55,Male,Operations,Analyst,Diploma,Married,105711,6,8,No,Good,68,No,1
EMP1493,32,Female,Sales,Manager,Master,Married,60860,6,7,No,Good,85,Yes,1
EMP1494,45,Male,Sales,Team Lead,Bachelor,Single,23225,2,1,Yes,Low,82,Yes,4
EMP1495,41,Male,HR,Manager,Master,Single,79470,11,7,Yes,Average,32,No,2
EMP1496,56,Female,Marketing,Team Lead,Bachelor,Married,83656,6,3,No,Average,95,No,5
EMP1497,43,Female,Sales,Team Lead,Bachelor,Single,71880,16,1,No,Average,58,No,3
EMP1498,36,Female,HR,Manager,Diploma,Single,81078,0,9,No,Excellent,78,Yes,5
EMP1499,59,Male,Sales,Manager,Master,Married,108646,4,6,No,Good,71,Yes,1
EMP1500,59,Male,Marketing,Team Lead,MBA,Single,96290,15,5,Yes,Average,40,No,2
EMP1501,34,Male,Operations,Analyst,Diploma,Single,76633,14,9,Yes,Good,67,Yes,2
EMP1502,51,Female,IT,Team Lead,Diploma,Married,46655,1,4,Yes,Average,29,No,5
EMP1503,25,Female,Marketing,Associate,Bachelor,Married,63601,8,0,Yes,Low,90,Yes,1
EMP1504,55,Male,Finance,Team Lead,MBA,Single,23114,6,1,Yes,Low,52,Yes,5
EMP1505,43,Female,Sales,Analyst,Master,Married,46502,3,7,No,Good,43,Yes,4
EMP1506,49,Female,Sales,Associate,MBA,Single,69768,19,0,No,Good,51,No,2
EMP1507,31,Female,Operations,Executive,MBA,Single,68128,17,2,No,Low,98,Yes,2
EMP1508,38,Male,Finance,Executive,MBA,Single,40028,3,1,Yes,Excellent,25,No,4
EMP1509,32,Female,Operations,Analyst,MBA,Married,75565,12,4,No,Low,34,No,1
EMP1510,29,Female,Finance,Team Lead,MBA,Married,103123,0,3,Yes,Average,96,Yes,2
EMP1511,30,Male,IT,Manager,Bachelor,Single,55333,2,6,Yes,Excellent,35,No,3
EMP1512,37,Male,Sales,Analyst,Bachelor,Single,23174,15,4,Yes,Low,30,No,3
EMP1513,58,Female,Sales,Associate,Diploma,Married,55398,3,7,No,Excellent,26,Yes,1
EMP1514,27,Female,IT,Associate,Bachelor,Married,55929,15,3,Yes,Excellent,25,No,4
EMP1515,33,Male,HR,Executive,Diploma,Married,24321,18,5,Yes,Excellent,5,No,5
EMP1516,29,Male,Operations,Associate,Diploma,Single,115971,0,3,No,Good,41,Yes,1
EMP1517,47,Female,IT,Analyst,Master,Married,75421,4,1,Yes,Low,81,Yes,5
EMP1518,22,Female,Operations,Associate,MBA,Married,92635,18,0,No,Good,89,Yes,1
EMP1519,25,Female,Marketing,Analyst,Bachelor,Single,43760,10,0,Yes,Good,50,No,3
EMP1520,49,Female,Sales,Manager,Master,Single,31360,12,7,No,Average,13,No,4
EMP1521,57,Male,Operations,Executive,Bachelor,Single,30313,19,3,Yes,Average,21,Yes,3
EMP1522,58,Female,Finance,Associate,Diploma,Married,105998,4,4,Yes,Excellent,51,No,4
EMP1523,39,Female,Operations,Analyst,Bachelor,Single,25801,3,7,No,Excellent,89,Yes,5
EMP1524,28,Male,Marketing,Team Lead,MBA,Single,34130,3,6,Yes,Average,99,Yes,1
EMP1525,21,Female,Sales,Executive,Diploma,Single,34271,3,7,No,Average,63,Yes,2
EMP1526,42,Male,IT,Manager,Diploma,Single,36075,3,7,Yes,Low,58,No,2
EMP1527,37,Female,Marketing,Analyst,Master,Married,38984,19,5,No,Excellent,90,No,4
EMP1528,27,Female,Sales,Manager,MBA,Single,108095,17,9,Yes,Excellent,16,Yes,4
EMP1529,45,Male,Operations,Manager,Diploma,Married,80942,17,1,Yes,Average,68,Yes,3
EMP1530,24,Male,HR,Associate,MBA,Married,32861,15,5,Yes,Low,10,No,2
EMP1531,56,Female,HR,Associate,Bachelor,Married,118970,8,0,No,Average,57,Yes,3
EMP1532,26,Female,Finance,Analyst,MBA,Single,102203,17,0,No,Average,20,No,5
EMP1533,51,Female,Sales,Team Lead,Diploma,Married,91376,1,2,No,Good,94,Yes,2
EMP1534,39,Male,HR,Analyst,Master,Single,81247,3,2,No,Excellent,9,Yes,5
EMP1535,59,Female,IT,Team Lead,Diploma,Single,89101,11,4,No,Low,77,No,1
EMP1536,47,Male,Sales,Manager,MBA,Single,40977,6,0,Yes,Good,50,No,3
EMP1537,30,Male,IT,Executive,MBA,Married,70617,14,9,Yes,Excellent,18,No,4
EMP1538,46,Female,IT,Analyst,Diploma,Single,77473,6,5,Yes,Average,48,No,2
EMP1539,39,Male,HR,Analyst,MBA,Single,106654,16,6,Yes,Low,67,No,3
EMP1540,59,Female,Sales,Team Lead,Bachelor,Single,108177,15,9,Yes,Excellent,98,Yes,4
EMP1541,23,Female,Operations,Manager,Diploma,Married,92902,18,2,No,Average,56,Yes,1
EMP1542,33,Female,Marketing,Manager,Master,Married,112172,8,3,Yes,Good,30,No,2
EMP1543,48,Female,HR,Team Lead,Diploma,Married,35630,13,9,No,Low,57,No,5
EMP1544,40,Female,HR,Manager,Bachelor,Single,40056,16,9,Yes,Excellent,33,Yes,1
EMP1545,48,Male,Operations,Associate,Bachelor,Married,27382,4,9,No,Good,23,Yes,4
EMP1546,28,Male,Sales,Executive,Bachelor,Single,75739,1,9,No,Average,51,No,2
EMP1547,59,Female,Sales,Analyst,Bachelor,Single,101685,19,9,No,Average,12,No,2
EMP1548,21,Female,IT,Executive,Bachelor,Married,68639,15,2,Yes,Excellent,27,Yes,1
EMP1549,23,Male,Operations,Analyst,Master,Single,79838,13,0,Yes,Average,39,No,2
EMP1550,33,Male,Operations,Associate,MBA,Married,66041,13,7,Yes,Low,99,Yes,4
EMP1551,48,Male,Sales,Manager,Bachelor,Single,20992,0,9,Yes,Excellent,57,Yes,1
EMP1552,45,Male,IT,Team Lead,Bachelor,Married,92394,2,9,No,Good,62,No,5
EMP1553,53,Female,HR,Associate,Diploma,Single,87657,6,1,No,Excellent,9,Yes,1
EMP1554,58,Female,Finance,Executive,Master,Single,47160,14,0,No,Excellent,20,Yes,1
EMP1555,26,Male,Marketing,Team Lead,Master,Single,65156,18,7,No,Good,21,Yes,5
EMP1556,52,Female,HR,Manager,MBA,Single,71375,19,6,Yes,Average,36,No,4
EMP1557,41,Male,Sales,Associate,Master,Single,106442,1,6,No,Good,56,Yes,3
EMP1558,36,Female,Marketing,Team Lead,Diploma,Married,39572,18,3,Yes,Low,24,No,3
EMP1559,41,Male,Finance,Associate,Diploma,Single,24136,8,8,No,Average,70,Yes,5
EMP1560,31,Female,Finance,Associate,MBA,Married,81868,18,5,No,Excellent,88,Yes,4
EMP1561,57,Male,IT,Manager,Diploma,Married,102263,4,1,No,Average,86,Yes,2
EMP1562,56,Male,Marketing,Analyst,Bachelor,Married,52167,17,0,Yes,Average,5,Yes,5
EMP1563,55,Female,IT,Team Lead,Bachelor,Single,35479,15,0,Yes,Low,62,Yes,3
EMP1564,39,Male,HR,Manager,Diploma,Single,51376,3,8,No,Average,97,No,4
EMP1565,40,Female,Operations,Associate,MBA,Single,24823,11,3,No,Average,97,No,1
EMP1566,38,Female,Operations,Manager,Master,Married,90456,6,4,No,Average,87,Yes,4
EMP1567,34,Male,Operations,Analyst,MBA,Single,39585,13,2,Yes,Excellent,48,No,4
EMP1568,35,Female,Marketing,Team Lead,Master,Single,37272,11,3,Yes,Average,10,No,3
EMP1569,51,Female,Operations,Analyst,Diploma,Married,46619,2,7,Yes,Good,54,Yes,3
EMP1570,21,Female,HR,Executive,Diploma,Married,95069,4,3,No,Average,76,No,2
EMP1571,23,Female,IT,Team Lead,Bachelor,Married,59895,16,8,Yes,Low,92,No,2
EMP1572,36,Female,Marketing,Analyst,Master,Married,23720,9,8,No,Average,24,No,5
EMP1573,43,Male,IT,Associate,MBA,Married,39267,9,5,Yes,Average,18,No,1
EMP1574,31,Female,Marketing,Team Lead,Diploma,Married,35696,10,1,No,Excellent,9,Yes,2
EMP1575,32,Female,IT,Team Lead,MBA,Single,49968,16,9,No,Good,45,No,3
EMP1576,30,Female,Finance,Manager,Bachelor,Married,73364,4,6,Yes,Average,44,Yes,4
EMP1577,52,Female,IT,Associate,Master,Single,43345,12,8,No,Good,38,Yes,5
EMP1578,36,Female,Operations,Executive,Master,Single,71567,9,5,No,Low,84,No,2
EMP1579,28,Male,Finance,Analyst,Diploma,Single,111229,8,2,No,Excellent,49,Yes,4
EMP1580,58,Female,IT,Manager,Master,Married,81607,16,6,Yes,Good,75,No,4
EMP1581,32,Male,Marketing,Analyst,Diploma,Single,39385,0,4,No,Excellent,84,Yes,2
EMP1582,44,Male,Marketing,Executive,Bachelor,Married,103658,3,0,Yes,Average,75,No,1
EMP1583,48,Male,Marketing,Executive,Master,Married,86900,3,2,Yes,Low,31,No,1
EMP1584,28,Male,Sales,Team Lead,Diploma,Single,88244,17,4,No,Excellent,82,Yes,5
EMP1585,48,Female,HR,Executive,MBA,Married,85425,8,6,Yes,Average,82,No,1
EMP1586,56,Male,Marketing,Analyst,Diploma,Single,98518,17,2,No,Good,48,No,5
EMP1587,46,Male,Finance,Associate,Master,Single,102844,13,5,Yes,Low,37,No,3
EMP1588,28,Female,Marketing,Associate,Bachelor,Married,52919,14,4,No,Low,37,No,2
EMP1589,48,Female,Sales,Team Lead,Master,Single,110697,5,0,Yes,Good,48,Yes,4
EMP1590,48,Female,Operations,Analyst,Master,Single,77196,9,9,No,Good,24,Yes,5
EMP1591,57,Male,Finance,Analyst,Diploma,Single,99401,14,5,No,Low,40,Yes,1
EMP1592,56,Female,Sales,Executive,MBA,Married,20495,3,7,No,Excellent,11,No,5
EMP1593,47,Female,Operations,Analyst,Master,Single,64755,17,0,No,Low,36,Yes,5
EMP1594,37,Male,Finance,Manager,MBA,Married,87684,17,1,Yes,Good,71,No,1
EMP1595,29,Female,IT,Executive,Diploma,Married,53324,16,3,Yes,Excellent,43,No,1
EMP1596,53,Female,HR,Manager,MBA,Single,98929,11,1,No,Average,97,No,2
EMP1597,40,Female,HR,Team Lead,Diploma,Single,21552,6,8,Yes,Low,28,Yes,4
EMP1598,33,Female,Sales,Associate,Bachelor,Married,71272,15,9,No,Good,90,Yes,2
EMP1599,48,Male,Operations,Team Lead,MBA,Married,55853,10,7,No,Average,74,Yes,2
EMP1600,49,Female,HR,Associate,MBA,Single,52924,13,7,Yes,Low,92,Yes,1
EMP1601,33,Female,Operations,Team Lead,Bachelor,Single,94462,2,3,Yes,Low,91,No,1
EMP1602,55,Male,Operations,Analyst,MBA,Married,116387,18,4,No,Excellent,58,Yes,4
EMP1603,26,Female,Sales,Manager,Bachelor,Married,43889,17,3,Yes,Good,42,Yes,5
EMP1604,38,Male,Sales,Associate,Master,Married,74675,9,8,No,Average,78,Yes,2
EMP1605,25,Female,Sales,Executive,Diploma,Married,93591,5,1,Yes,Low,84,Yes,4
EMP1606,45,Male,HR,Manager,Bachelor,Married,90190,12,7,Yes,Excellent,79,No,2
EMP1607,22,Male,Sales,Executive,MBA,Single,42634,9,1,Yes,Average,36,Yes,5
EMP1608,30,Male,HR,Manager,Bachelor,Married,52363,17,0,Yes,Average,49,Yes,2
EMP1609,50,Male,Sales,Manager,MBA,Married,83752,19,9,Yes,Low,65,Yes,3
EMP1610,25,Female,Marketing,Team Lead,Master,Single,97004,15,2,No,Average,74,No,4
EMP1611,53,Male,Operations,Associate,Bachelor,Single,76398,5,8,Yes,Low,92,Yes,1
EMP1612,21,Female,Sales,Associate,Master,Married,118458,12,2,Yes,Excellent,57,Yes,2
EMP1613,38,Male,Finance,Manager,Diploma,Married,60718,3,8,No,Excellent,55,Yes,4
EMP1614,52,Male,Operations,Analyst,MBA,Single,102916,13,6,No,Average,80,No,4
EMP1615,31,Male,Operations,Analyst,MBA,Married,46870,0,9,No,Low,60,No,2
EMP1616,41,Female,Sales,Executive,Master,Married,57394,19,0,Yes,Good,31,Yes,1
EMP1617,46,Male,IT,Executive,Diploma,Single,72057,4,9,Yes,Excellent,42,Yes,1
EMP1618,45,Female,Sales,Team Lead,Bachelor,Married,99795,7,4,No,Low,66,No,2
EMP1619,42,Female,Operations,Manager,Bachelor,Single,100409,11,8,No,Low,22,No,4
EMP1620,47,Female,Finance,Executive,MBA,Single,33016,1,2,No,Low,68,No,1
EMP1621,33,Female,Operations,Executive,Master,Single,62137,11,8,No,Average,81,No,2
EMP1622,53,Female,Finance,Manager,Master,Single,20153,4,4,Yes,Good,34,No,2
EMP1623,54,Female,HR,Team Lead,Bachelor,Married,27853,4,8,Yes,Average,53,Yes,2
EMP1624,55,Female,Marketing,Executive,Diploma,Single,32379,12,9,Yes,Excellent,45,Yes,4
EMP1625,21,Female,Operations,Team Lead,Diploma,Married,35792,8,5,Yes,Average,17,Yes,1
EMP1626,41,Female,Sales,Associate,Bachelor,Married,58367,9,8,Yes,Low,38,Yes,4
EMP1627,26,Male,HR,Team Lead,Bachelor,Married,38100,0,6,No,Average,98,No,3
EMP1628,48,Male,Marketing,Analyst,Master,Married,83456,2,6,Yes,Low,29,No,1
EMP1629,37,Male,Sales,Analyst,Diploma,Married,31049,17,7,No,Good,70,No,4
EMP1630,25,Male,IT,Team Lead,Bachelor,Single,20786,11,6,No,Average,22,No,1
EMP1631,51,Male,Sales,Analyst,Bachelor,Single,89904,2,8,No,Average,9,No,3
EMP1632,25,Female,Finance,Associate,MBA,Single,50699,8,8,Yes,Average,23,Yes,5
EMP1633,58,Female,Finance,Manager,Bachelor,Single,67691,1,5,No,Low,46,Yes,2
EMP1634,23,Female,IT,Analyst,Bachelor,Married,57040,2,6,Yes,Low,22,Yes,4
EMP1635,43,Female,HR,Analyst,Diploma,Single,112990,13,1,No,Average,36,Yes,3
EMP1636,57,Female,Marketing,Team Lead,Master,Married,77986,3,8,Yes,Average,25,Yes,3
EMP1637,57,Female,Sales,Associate,Diploma,Married,58762,18,0,No,Good,14,No,1
EMP1638,30,Female,Finance,Manager,Master,Single,43600,12,0,Yes,Good,41,No,1
EMP1639,30,Male,HR,Team Lead,MBA,Single,114774,6,2,No,Excellent,53,No,2
EMP1640,39,Male,IT,Team Lead,Bachelor,Single,110777,11,5,No,Good,90,No,1
EMP1641,37,Male,Operations,Associate,MBA,Single,39810,2,4,No,Good,17,No,4
EMP1642,41,Male,Finance,Manager,Master,Married,105703,8,1,No,Good,59,Yes,4
EMP1643,34,Female,IT,Associate,Diploma,Married,107347,1,8,Yes,Low,21,Yes,4
EMP1644,29,Female,Sales,Manager,Diploma,Single,77204,8,9,Yes,Good,13,Yes,5
EMP1645,21,Female,Marketing,Associate,MBA,Married,40085,11,3,Yes,Good,92,No,4
EMP1646,33,Male,Finance,Team Lead,Master,Married,66854,11,3,No,Average,48,No,1
EMP1647,24,Female,Finance,Team Lead,MBA,Married,94797,14,4,No,Low,82,No,1
EMP1648,21,Female,Sales,Executive,MBA,Single,104269,1,7,No,Excellent,50,No,4
EMP1649,52,Female,Operations,Analyst,Bachelor,Married,59779,17,9,No,Excellent,12,Yes,3
EMP1650,54,Male,HR,Associate,MBA,Single,76207,12,3,No,Good,41,No,3
EMP1651,48,Female,Marketing,Executive,Bachelor,Single,114615,13,4,No,Excellent,23,Yes,3
EMP1652,51,Male,Finance,Analyst,Bachelor,Married,53980,4,3,Yes,Excellent,67,No,2
EMP1653,28,Male,Marketing,Associate,Diploma,Married,76117,9,5,Yes,Excellent,96,Yes,5
EMP1654,59,Male,Finance,Manager,Bachelor,Single,34141,11,2,Yes,Good,50,No,4
EMP1655,46,Male,Marketing,Analyst,Bachelor,Married,29344,9,7,Yes,Excellent,98,No,2
EMP1656,54,Female,IT,Team Lead,Diploma,Married,35896,10,5,Yes,Good,75,Yes,3
EMP1657,23,Male,Finance,Executive,MBA,Single,109353,1,9,Yes,Average,30,Yes,4
EMP1658,32,Male,Marketing,Analyst,Master,Single,49813,4,4,Yes,Average,50,No,2
EMP1659,21,Female,HR,Analyst,Master,Single,104431,6,1,Yes,Excellent,50,Yes,1
EMP1660,25,Female,IT,Team Lead,Master,Single,85679,5,9,No,Average,79,No,3
EMP1661,50,Male,IT,Associate,MBA,Married,30681,2,9,No,Good,18,No,2
EMP1662,50,Female,HR,Manager,Bachelor,Married,92903,12,6,No,Average,89,Yes,1
EMP1663,37,Male,Marketing,Team Lead,Master,Single,23228,2,1,No,Excellent,67,No,3
EMP1664,43,Male,Sales,Manager,MBA,Single,24582,5,0,No,Good,76,No,5
EMP1665,35,Male,HR,Associate,Bachelor,Single,98683,10,6,No,Low,7,Yes,3
EMP1666,57,Male,Marketing,Analyst,Diploma,Married,31397,16,4,No,Good,32,No,5
EMP1667,41,Female,HR,Manager,Master,Single,58799,9,0,Yes,Average,33,No,5
EMP1668,34,Male,HR,Executive,Bachelor,Married,57011,11,3,Yes,Low,91,No,5
EMP1669,22,Female,Finance,Executive,Master,Single,99183,16,3,No,Good,22,No,4
EMP1670,31,Female,Marketing,Team Lead,Master,Single,113254,3,9,Yes,Low,39,Yes,4
EMP1671,59,Female,Sales,Associate,Master,Single,64264,1,6,Yes,Low,81,Yes,5
EMP1672,58,Female,Finance,Team Lead,Bachelor,Married,62317,10,8,Yes,Low,80,Yes,1
EMP1673,54,Male,HR,Team Lead,MBA,Married,67914,6,1,Yes,Good,51,No,5
EMP1674,58,Female,Operations,Team Lead,Bachelor,Married,104633,1,0,Yes,Average,9,Yes,2
EMP1675,54,Male,HR,Executive,Master,Single,65254,17,1,No,Good,79,Yes,5
EMP1676,38,Female,HR,Executive,Bachelor,Married,60096,3,6,Yes,Average,63,Yes,4
EMP1677,50,Female,Marketing,Team Lead,Diploma,Married,73785,7,9,No,Good,79,No,4
EMP1678,35,Male,Marketing,Executive,MBA,Single,72344,19,5,No,Good,63,Yes,2
EMP1679,47,Male,Finance,Associate,Bachelor,Single,102643,13,3,No,Good,51,Yes,2
EMP1680,54,Male,Sales,Team Lead,Diploma,Married,88546,11,0,Yes,Average,99,No,3
EMP1681,58,Female,Finance,Executive,MBA,Married,91091,17,0,No,Good,99,No,1
EMP1682,53,Female,IT,Manager,Diploma,Married,85603,10,4,No,Low,17,No,1
EMP1683,44,Male,HR,Team Lead,MBA,Married,48412,7,0,No,Good,82,No,1
EMP1684,35,Male,Operations,Team Lead,Bachelor,Single,71658,1,6,No,Low,93,No,4
EMP1685,50,Male,HR,Associate,Diploma,Single,119841,14,0,Yes,Excellent,37,No,1
EMP1686,37,Male,HR,Analyst,Master,Single,69549,8,0,No,Excellent,66,Yes,3
EMP1687,25,Female,Finance,Analyst,Diploma,Married,31549,18,1,No,Average,83,Yes,3
EMP1688,49,Male,Operations,Associate,MBA,Married,91216,19,9,No,Average,20,No,1
EMP1689,24,Male,Operations,Associate,Bachelor,Single,45739,7,2,No,Excellent,48,No,2
EMP1690,30,Male,Operations,Associate,MBA,Single,41209,18,0,Yes,Good,62,Yes,3
EMP1691,37,Male,Finance,Analyst,Diploma,Married,107968,4,8,No,Good,10,No,2
EMP1692,30,Female,HR,Associate,Diploma,Married,35116,10,9,No,Good,93,No,4
EMP1693,37,Male,Finance,Executive,Master,Single,40045,14,7,No,Excellent,19,Yes,3
EMP1694,40,Female,Marketing,Team Lead,Bachelor,Single,46327,7,4,No,Low,8,No,2
EMP1695,44,Male,Marketing,Team Lead,Bachelor,Single,55709,18,1,No,Average,60,No,1
EMP1696,25,Male,Finance,Manager,Diploma,Married,63617,7,4,No,Low,68,Yes,4
EMP1697,54,Female,Operations,Manager,Bachelor,Married,80139,18,5,Yes,Excellent,72,Yes,5
EMP1698,26,Male,HR,Team Lead,Master,Married,46905,17,0,No,Low,98,Yes,5
EMP1699,22,Female,Finance,Executive,MBA,Married,84148,9,3,Yes,Good,38,Yes,1
EMP1700,33,Female,Finance,Analyst,Bachelor,Married,92603,6,8,Yes,Good,95,Yes,4
EMP1701,31,Male,Finance,Analyst,Diploma,Married,118095,8,1,No,Low,99,No,4
EMP1702,43,Female,IT,Executive,MBA,Single,62919,0,4,Yes,Excellent,60,No,4
EMP1703,36,Female,Marketing,Analyst,MBA,Single,103521,18,0,No,Low,36,No,4
EMP1704,51,Female,Operations,Associate,Master,Married,112905,4,3,Yes,Good,13,No,5
EMP1705,31,Female,Sales,Team Lead,Diploma,Single,103400,18,3,No,Good,67,No,2
EMP1706,36,Female,Operations,Team Lead,Bachelor,Married,108150,0,5,Yes,Excellent,76,Yes,4
EMP1707,28,Female,Sales,Executive,Diploma,Single,78446,14,9,Yes,Low,82,No,2
EMP1708,24,Female,IT,Analyst,MBA,Married,72428,15,8,No,Good,37,No,4
EMP1709,24,Female,Finance,Manager,Diploma,Single,67894,6,2,Yes,Good,91,No,3
EMP1710,45,Male,IT,Manager,Bachelor,Single,101149,11,8,Yes,Low,25,No,3
EMP1711,23,Male,IT,Analyst,Bachelor,Married,26447,7,5,Yes,Low,59,No,3
EMP1712,52,Female,HR,Manager,Master,Married,25499,4,6,Yes,Average,80,Yes,4
EMP1713,23,Male,Marketing,Executive,Bachelor,Single,59041,9,9,Yes,Excellent,61,No,2
EMP1714,47,Female,Sales,Executive,Bachelor,Single,51315,4,1,No,Excellent,6,No,5
EMP1715,49,Female,Finance,Analyst,Diploma,Married,21299,16,9,Yes,Low,17,No,1
EMP1716,52,Male,Sales,Manager,Diploma,Single,24994,4,5,Yes,Excellent,8,No,5
EMP1717,39,Female,Operations,Executive,MBA,Married,115414,14,5,No,Good,88,No,4
EMP1718,41,Female,Sales,Executive,Master,Married,101163,12,1,No,Low,54,No,3
EMP1719,25,Female,Operations,Associate,Diploma,Single,27489,0,1,No,Low,52,Yes,3
EMP1720,38,Female,Marketing,Associate,Bachelor,Married,111647,10,1,Yes,Low,82,No,2
EMP1721,48,Male,Operations,Executive,MBA,Single,52355,0,9,Yes,Average,34,Yes,4
EMP1722,42,Female,Sales,Analyst,Diploma,Single,93805,10,0,Yes,Excellent,33,Yes,5
EMP1723,41,Female,Sales,Team Lead,Master,Married,88367,17,4,Yes,Average,12,No,4
EMP1724,26,Female,Operations,Team Lead,Master,Single,97355,17,7,No,Good,16,No,4
EMP1725,21,Male,IT,Executive,MBA,Married,110349,15,1,No,Excellent,45,No,3
EMP1726,25,Female,Marketing,Executive,MBA,Married,107173,12,4,Yes,Average,30,Yes,5
EMP1727,32,Male,HR,Executive,MBA,Married,21996,6,7,Yes,Low,54,No,1
EMP1728,46,Male,Finance,Analyst,MBA,Single,64387,0,9,Yes,Average,6,No,3
EMP1729,54,Female,Sales,Associate,MBA,Married,23089,15,4,Yes,Low,59,No,5
EMP1730,34,Female,Finance,Executive,Bachelor,Single,118827,0,1,No,Average,60,Yes,2
EMP1731,46,Male,HR,Executive,Bachelor,Married,40659,16,2,No,Average,18,Yes,3
EMP1732,47,Female,Finance,Manager,Diploma,Married,65178,5,5,Yes,Average,10,No,2
EMP1733,29,Male,HR,Analyst,Master,Married,115965,1,4,No,Low,99,Yes,3
EMP1734,46,Male,Operations,Executive,Bachelor,Single,101268,16,3,Yes,Average,85,No,4
EMP1735,42,Female,IT,Manager,Bachelor,Single,105042,5,3,Yes,Excellent,93,Yes,5
EMP1736,50,Female,Sales,Team Lead,Bachelor,Married,90726,13,4,No,Excellent,65,No,2
EMP1737,37,Male,HR,Executive,Diploma,Married,90111,17,1,Yes,Excellent,16,Yes,3
EMP1738,46,Male,Finance,Executive,MBA,Single,54565,5,8,No,Low,17,No,2
EMP1739,56,Male,Sales,Manager,Diploma,Single,109242,9,1,Yes,Low,23,No,3
EMP1740,21,Male,IT,Analyst,Master,Single,42884,17,9,No,Excellent,48,Yes,3
EMP1741,28,Female,Operations,Executive,Master,Married,37199,8,1,Yes,Excellent,93,Yes,1
EMP1742,55,Female,Sales,Team Lead,Master,Single,80038,7,9,No,Excellent,99,Yes,1
EMP1743,35,Female,HR,Executive,Master,Married,77786,9,8,Yes,Good,63,Yes,1
EMP1744,42,Female,IT,Team Lead,Bachelor,Single,69294,16,2,Yes,Excellent,41,Yes,2
EMP1745,34,Female,Finance,Associate,Bachelor,Married,98015,5,9,No,Average,29,No,4
EMP1746,46,Male,IT,Associate,Diploma,Married,54178,13,6,Yes,Good,20,No,3
EMP1747,48,Female,IT,Team Lead,MBA,Married,32665,5,3,No,Good,42,Yes,5
EMP1748,43,Female,Marketing,Analyst,Master,Single,20534,6,5,No,Low,47,No,1
EMP1749,34,Female,IT,Executive,Diploma,Single,111828,11,3,Yes,Average,91,No,2
EMP1750,44,Female,IT,Executive,Bachelor,Single,56132,2,9,Yes,Low,18,Yes,2
EMP1751,22,Female,Sales,Associate,Bachelor,Married,56110,13,6,Yes,Low,10,No,2
EMP1752,46,Male,Finance,Team Lead,MBA,Married,78754,18,0,Yes,Average,93,No,5
EMP1753,34,Male,Sales,Executive,MBA,Single,83580,15,2,No,Low,27,Yes,5
EMP1754,27,Male,Sales,Executive,MBA,Married,42469,6,2,Yes,Average,64,Yes,1
EMP1755,23,Female,HR,Analyst,Diploma,Married,84016,7,0,Yes,Average,16,No,5
EMP1756,43,Male,Sales,Manager,Bachelor,Married,66233,17,5,Yes,Low,17,Yes,1
EMP1757,38,Male,Marketing,Associate,Bachelor,Single,86708,12,8,No,Excellent,10,No,5
EMP1758,58,Female,Marketing,Associate,MBA,Married,78232,8,7,Yes,Low,67,Yes,5
EMP1759,55,Female,HR,Manager,Master,Single,113450,9,6,No,Good,42,Yes,5
EMP1760,35,Female,Operations,Executive,MBA,Single,106437,8,9,Yes,Low,54,Yes,1
EMP1761,45,Male,Finance,Analyst,Diploma,Single,54409,14,7,No,Average,56,Yes,3
EMP1762,57,Male,Finance,Analyst,MBA,Single,39324,19,5,Yes,Good,44,No,1
EMP1763,48,Female,Sales,Associate,MBA,Single,28738,1,8,Yes,Average,12,Yes,3
EMP1764,30,Female,Sales,Analyst,Diploma,Married,44054,12,2,No,Excellent,65,Yes,2
EMP1765,59,Male,Operations,Manager,MBA,Single,49709,1,9,Yes,Excellent,12,No,2
EMP1766,37,Male,Sales,Executive,Bachelor,Single,105643,18,9,Yes,Good,38,No,1
EMP1767,59,Female,Finance,Manager,Master,Single,20363,1,8,Yes,Excellent,83,No,3
EMP1768,42,Female,IT,Team Lead,MBA,Married,30358,2,3,No,Excellent,64,No,3
EMP1769,46,Male,Marketing,Associate,Diploma,Married,23240,5,6,Yes,Low,61,Yes,3
EMP1770,45,Female,IT,Analyst,Master,Married,92201,2,8,No,Low,50,No,2
EMP1771,37,Male,IT,Team Lead,Diploma,Married,65689,9,1,No,Excellent,26,Yes,1
EMP1772,33,Male,Finance,Analyst,Master,Single,21936,5,1,No,Excellent,91,No,4
EMP1773,40,Male,IT,Executive,Master,Single,111074,15,8,Yes,Low,44,Yes,3
EMP1774,45,Male,Operations,Executive,MBA,Married,63965,16,2,No,Excellent,49,No,3
EMP1775,24,Female,HR,Executive,Bachelor,Married,97534,18,8,No,Excellent,59,Yes,4
EMP1776,30,Female,Sales,Analyst,MBA,Married,20882,2,4,Yes,Average,55,Yes,1
EMP1777,23,Male,HR,Team Lead,Diploma,Married,40224,17,5,No,Excellent,90,No,3
EMP1778,38,Male,Marketing,Executive,Diploma,Single,50825,6,1,No,Good,9,Yes,1
EMP1779,56,Male,Sales,Team Lead,Master,Married,90740,8,7,Yes,Average,99,Yes,3
EMP1780,42,Male,IT,Analyst,Master,Married,48885,19,8,Yes,Good,17,Yes,5
EMP1781,54,Male,Marketing,Team Lead,Bachelor,Married,60056,11,1,No,Excellent,32,Yes,3
EMP1782,28,Female,Sales,Analyst,MBA,Married,23203,4,5,Yes,Low,88,No,5
EMP1783,39,Female,Operations,Analyst,Diploma,Married,80241,2,5,Yes,Average,84,Yes,1
EMP1784,57,Female,Operations,Associate,Master,Married,22244,10,7,Yes,Low,66,Yes,3
EMP1785,26,Female,Operations,Analyst,Bachelor,Married,118322,3,9,No,Average,97,No,2
EMP1786,46,Male,Operations,Analyst,Diploma,Single,88619,4,4,No,Low,91,No,2
EMP1787,54,Male,IT,Manager,Master,Single,41584,0,8,Yes,Average,28,No,4
EMP1788,26,Male,HR,Executive,Diploma,Single,28521,17,0,No,Average,11,Yes,2
EMP1789,57,Male,Sales,Associate,Bachelor,Single,70017,11,8,Yes,Good,42,Yes,5
EMP1790,53,Male,IT,Associate,Bachelor,Single,53541,12,9,Yes,Low,41,No,2
EMP1791,42,Female,Operations,Associate,Diploma,Single,49063,8,6,Yes,Good,72,Yes,2
EMP1792,41,Male,HR,Manager,MBA,Married,90268,1,3,Yes,Good,46,No,2
EMP1793,26,Female,Marketing,Analyst,Diploma,Married,84952,4,2,Yes,Low,90,Yes,3
EMP1794,26,Female,Marketing,Executive,Master,Single,113054,12,9,No,Average,9,No,4
EMP1795,24,Female,Marketing,Team Lead,MBA,Married,59563,15,5,No,Good,68,Yes,1
EMP1796,50,Female,Operations,Analyst,Master,Single,59752,15,0,No,Low,54,No,4
EMP1797,31,Male,Marketing,Manager,Diploma,Married,115233,2,2,No,Average,91,Yes,5
EMP1798,50,Female,Finance,Analyst,MBA,Married,22567,3,1,Yes,Good,19,No,3
EMP1799,51,Female,Sales,Analyst,Master,Married,36121,10,8,Yes,Good,99,Yes,3
EMP1800,44,Female,Sales,Manager,Diploma,Married,21674,13,2,No,Good,77,Yes,2
EMP1801,29,Male,Operations,Associate,Diploma,Married,96411,2,1,No,Average,57,Yes,2
EMP1802,23,Male,Finance,Associate,MBA,Married,86275,15,3,Yes,Good,29,No,5
EMP1803,51,Male,IT,Executive,Diploma,Single,87081,14,1,Yes,Average,93,Yes,3
EMP1804,57,Female,IT,Executive,Bachelor,Single,49140,9,0,Yes,Excellent,89,Yes,1
EMP1805,56,Female,Marketing,Associate,Master,Married,29327,8,5,No,Good,13,Yes,4
EMP1806,44,Male,HR,Team Lead,Master,Single,90663,10,9,Yes,Excellent,42,No,3
EMP1807,51,Female,IT,Analyst,Diploma,Married,43331,15,7,Yes,Low,26,Yes,1
EMP1808,26,Male,HR,Team Lead,Diploma,Single,43004,9,9,No,Good,91,No,1
EMP1809,22,Male,Sales,Analyst,Bachelor,Married,30492,16,9,No,Low,53,Yes,4
EMP1810,40,Female,HR,Associate,MBA,Single,74797,18,1,No,Low,72,No,1
EMP1811,48,Female,Sales,Executive,Diploma,Married,78095,1,8,Yes,Low,97,No,5
EMP1812,31,Female,Finance,Executive,Diploma,Single,33749,1,2,Yes,Excellent,19,Yes,1
EMP1813,24,Female,Finance,Team Lead,Diploma,Married,83217,5,7,No,Average,69,No,5
EMP1814,35,Male,Operations,Executive,Diploma,Single,109044,18,7,Yes,Excellent,58,No,1
EMP1815,26,Male,Operations,Associate,Master,Married,29045,7,2,Yes,Excellent,34,Yes,2
EMP1816,50,Male,Marketing,Team Lead,Diploma,Married,40116,2,2,Yes,Low,97,No,1
EMP1817,58,Male,IT,Analyst,Master,Married,38667,13,5,No,Good,24,No,5
EMP1818,22,Male,Marketing,Executive,Diploma,Single,95057,15,0,No,Average,37,No,1
EMP1819,35,Female,Sales,Manager,MBA,Single,94205,0,3,Yes,Low,90,No,1
EMP1820,31,Male,Marketing,Executive,Bachelor,Single,47302,2,0,Yes,Average,81,Yes,1
EMP1821,28,Male,HR,Analyst,MBA,Married,31283,17,2,Yes,Excellent,11,No,5
EMP1822,46,Male,Sales,Team Lead,Diploma,Single,50935,8,8,Yes,Average,12,No,1
EMP1823,25,Female,Operations,Analyst,Diploma,Married,92534,5,4,No,Average,32,Yes,4
EMP1824,26,Female,Finance,Manager,Diploma,Single,114342,0,4,No,Good,49,Yes,4
EMP1825,46,Female,Operations,Associate,MBA,Single,51624,9,3,Yes,Low,77,No,5
EMP1826,24,Female,IT,Executive,Diploma,Single,33440,5,2,Yes,Average,93,Yes,2
EMP1827,39,Male,Sales,Team Lead,MBA,Single,66501,11,4,No,Average,84,Yes,4
EMP1828,40,Male,Sales,Associate,Master,Married,107333,3,3,Yes,Excellent,78,Yes,3
EMP1829,53,Female,HR,Analyst,Bachelor,Single,21269,12,7,No,Excellent,15,Yes,4
EMP1830,40,Female,IT,Team Lead,Bachelor,Single,27868,16,3,Yes,Average,35,Yes,3
EMP1831,32,Male,Finance,Associate,MBA,Married,50251,7,7,No,Low,16,Yes,5
EMP1832,21,Male,Sales,Team Lead,Master,Married,97909,19,5,Yes,Average,99,Yes,2
EMP1833,46,Female,Sales,Manager,MBA,Single,104523,2,4,Yes,Average,82,Yes,3
EMP1834,34,Female,HR,Manager,Master,Single,58729,11,3,No,Good,55,Yes,3
EMP1835,58,Female,Marketing,Executive,Diploma,Married,35734,6,3,No,Low,48,No,4
EMP1836,57,Female,Finance,Executive,Master,Married,62429,11,3,Yes,Good,54,No,3
EMP1837,31,Male,Operations,Manager,Master,Married,61337,1,8,Yes,Low,21,No,5
EMP1838,56,Male,IT,Team Lead,Master,Single,60325,13,3,No,Low,39,No,5
EMP1839,33,Male,Sales,Manager,Bachelor,Single,103600,4,8,No,Low,5,No,5
EMP1840,23,Female,Sales,Executive,Master,Single,82514,8,9,Yes,Good,33,Yes,4
EMP1841,53,Female,Operations,Manager,Diploma,Married,28433,10,5,Yes,Good,55,Yes,2
EMP1842,26,Male,Finance,Manager,Diploma,Married,29111,4,9,No,Good,68,No,4
EMP1843,30,Male,Marketing,Team Lead,Diploma,Married,83753,2,6,No,Excellent,8,No,5
EMP1844,25,Male,Sales,Associate,Master,Single,100583,16,9,No,Good,91,Yes,4
EMP1845,43,Male,Finance,Executive,MBA,Married,93620,1,2,No,Excellent,32,No,5
EMP1846,30,Female,Operations,Team Lead,MBA,Single,41751,0,7,No,Excellent,20,Yes,1
EMP1847,22,Male,HR,Manager,Diploma,Married,36453,6,2,Yes,Excellent,67,No,1
EMP1848,33,Male,Marketing,Manager,Bachelor,Single,105844,13,0,Yes,Average,80,Yes,3
EMP1849,22,Male,IT,Associate,MBA,Single,58968,4,9,No,Average,57,No,2
EMP1850,40,Male,Sales,Executive,Master,Married,50077,18,4,Yes,Average,89,Yes,1
EMP1851,21,Male,Finance,Executive,MBA,Single,54775,10,1,Yes,Excellent,21,No,5
EMP1852,57,Male,HR,Analyst,Diploma,Married,78144,1,9,No,Excellent,44,No,4
EMP1853,29,Male,IT,Executive,Bachelor,Single,68570,7,5,Yes,Low,17,Yes,4
EMP1854,37,Female,Finance,Associate,MBA,Married,66097,8,9,Yes,Excellent,56,Yes,3
EMP1855,29,Female,Finance,Analyst,MBA,Married,44503,2,8,Yes,Average,62,No,4
EMP1856,31,Female,IT,Analyst,Diploma,Single,22779,1,0,No,Excellent,41,No,1
EMP1857,35,Female,HR,Manager,Bachelor,Married,106840,6,3,No,Excellent,83,Yes,4
EMP1858,44,Male,Operations,Manager,Bachelor,Single,20755,4,0,Yes,Low,80,Yes,1
EMP1859,58,Female,HR,Executive,Diploma,Married,59263,4,0,Yes,Excellent,65,Yes,1
EMP1860,55,Female,Marketing,Analyst,Master,Married,75087,19,7,Yes,Good,83,No,2
EMP1861,50,Male,Sales,Manager,MBA,Married,62281,12,1,Yes,Low,38,No,3
EMP1862,51,Male,IT,Associate,Master,Married,71482,19,0,Yes,Excellent,74,Yes,5
EMP1863,25,Female,Operations,Manager,MBA,Single,74857,5,7,Yes,Excellent,21,No,1
EMP1864,34,Female,IT,Manager,MBA,Married,37400,19,3,No,Low,24,No,3
EMP1865,31,Male,IT,Analyst,Master,Married,60115,17,2,Yes,Excellent,77,Yes,5
EMP1866,29,Female,HR,Analyst,Diploma,Single,34249,1,3,Yes,Average,63,No,4
EMP1867,54,Male,Sales,Team Lead,Diploma,Single,66825,5,4,No,Good,73,Yes,3
EMP1868,32,Male,Marketing,Associate,MBA,Single,44600,8,0,Yes,Good,91,Yes,3
EMP1869,55,Male,Finance,Analyst,Diploma,Single,57706,2,0,Yes,Average,37,No,3
EMP1870,55,Male,Finance,Executive,MBA,Single,39222,0,2,Yes,Excellent,82,No,4
EMP1871,21,Female,IT,Associate,Diploma,Single,119041,0,5,Yes,Excellent,21,Yes,4
EMP1872,42,Male,Sales,Associate,MBA,Married,61139,18,0,No,Good,61,Yes,3
EMP1873,49,Male,Operations,Analyst,Diploma,Single,61302,4,1,Yes,Excellent,87,Yes,2
EMP1874,28,Female,HR,Associate,Bachelor,Married,114684,12,6,No,Good,5,No,1
EMP1875,31,Male,Sales,Analyst,Master,Single,107838,18,0,Yes,Good,17,Yes,4
EMP1876,57,Female,Sales,Manager,Bachelor,Married,88159,11,6,Yes,Average,31,Yes,2
EMP1877,34,Female,HR,Team Lead,Master,Married,28646,15,3,No,Good,74,Yes,4
EMP1878,50,Female,IT,Manager,Master,Married,33543,18,9,Yes,Excellent,63,Yes,3
EMP1879,55,Male,Sales,Analyst,MBA,Single,114496,2,5,No,Excellent,10,No,2
EMP1880,41,Female,Finance,Analyst,Master,Single,42785,11,7,No,Low,98,No,5
EMP1881,57,Female,HR,Manager,Bachelor,Single,98353,4,8,No,Excellent,27,Yes,1
EMP1882,25,Male,Operations,Executive,Bachelor,Single,51406,1,5,Yes,Low,14,No,1
EMP1883,39,Female,Marketing,Executive,Diploma,Married,108992,6,8,Yes,Good,55,No,4
EMP1884,34,Female,IT,Executive,Bachelor,Single,71428,12,3,Yes,Excellent,23,No,1
EMP1885,46,Female,HR,Analyst,Diploma,Married,43777,14,5,Yes,Average,55,Yes,5
EMP1886,24,Female,Marketing,Associate,Master,Married,77939,2,7,No,Average,96,No,2
EMP1887,45,Female,Marketing,Analyst,Bachelor,Single,73026,19,8,Yes,Average,91,No,2
EMP1888,45,Male,Operations,Associate,Master,Single,106450,4,2,Yes,Good,72,Yes,3
EMP1889,38,Female,Sales,Manager,Bachelor,Single,49553,7,1,No,Good,88,Yes,2
EMP1890,28,Female,Operations,Team Lead,Bachelor,Married,43548,0,5,No,Low,87,No,4
EMP1891,59,Male,Sales,Associate,Diploma,Single,83221,7,3,Yes,Average,46,No,5
EMP1892,34,Male,Sales,Executive,Master,Married,57265,17,0,No,Low,95,Yes,3
EMP1893,52,Male,HR,Analyst,Bachelor,Single,60701,19,7,No,Low,61,Yes,4
EMP1894,58,Female,HR,Manager,MBA,Married,71287,15,8,No,Excellent,72,Yes,4
EMP1895,53,Male,IT,Executive,Master,Single,26727,17,8,No,Excellent,42,Yes,4
EMP1896,43,Female,Sales,Manager,Master,Single,70717,19,1,No,Average,66,No,1
EMP1897,35,Female,Marketing,Team Lead,Master,Married,52427,11,8,Yes,Good,11,Yes,4
EMP1898,53,Male,Finance,Analyst,Diploma,Single,36692,12,6,Yes,Excellent,75,No,1
EMP1899,45,Male,IT,Analyst,MBA,Single,51625,12,4,Yes,Good,54,No,2
EMP1900,37,Female,HR,Team Lead,Master,Single,44918,9,6,Yes,Low,56,No,1
EMP1901,53,Male,Operations,Analyst,Bachelor,Single,61136,6,8,Yes,Low,30,Yes,4
EMP1902,22,Female,IT,Associate,Bachelor,Single,72409,13,7,Yes,Low,30,Yes,5
EMP1903,34,Male,IT,Manager,Diploma,Single,35577,15,5,Yes,Low,23,No,5
EMP1904,59,Male,IT,Executive,Bachelor,Single,105155,14,3,No,Average,13,No,2
EMP1905,26,Male,IT,Team Lead,Master,Married,119246,11,0,Yes,Low,65,No,4
EMP1906,26,Female,Finance,Associate,Bachelor,Married,101731,8,5,Yes,Excellent,24,No,1
EMP1907,23,Male,Operations,Executive,Master,Single,47689,7,2,Yes,Low,54,No,5
EMP1908,27,Female,Operations,Executive,Bachelor,Single,31154,17,5,No,Good,84,Yes,3
EMP1909,28,Female,Operations,Team Lead,MBA,Single,114948,17,5,Yes,Excellent,85,Yes,4
EMP1910,35,Female,Sales,Associate,Diploma,Married,41341,12,3,Yes,Good,26,Yes,4
EMP1911,49,Female,Marketing,Executive,Diploma,Married,117554,17,1,No,Good,17,No,3
EMP1912,53,Male,Operations,Executive,MBA,Single,94681,14,8,Yes,Average,16,No,5
EMP1913,50,Female,IT,Associate,MBA,Married,66330,3,1,Yes,Average,14,Yes,3
EMP1914,59,Female,IT,Analyst,Diploma,Single,107759,16,2,No,Good,69,Yes,2
EMP1915,47,Male,Operations,Executive,MBA,Single,88416,4,9,Yes,Good,34,No,1
EMP1916,56,Female,Operations,Manager,Master,Single,106807,15,0,No,Low,12,Yes,1
EMP1917,49,Male,IT,Associate,Bachelor,Single,53313,8,6,Yes,Excellent,25,Yes,5
EMP1918,58,Female,Sales,Executive,Diploma,Married,66900,9,0,Yes,Low,26,Yes,3
EMP1919,53,Male,HR,Team Lead,MBA,Married,98840,17,8,Yes,Average,22,No,4
EMP1920,57,Female,HR,Manager,Master,Single,54695,16,0,No,Average,70,No,4
EMP1921,47,Male,Operations,Executive,Diploma,Married,50225,17,4,No,Low,52,Yes,4
EMP1922,53,Female,Finance,Manager,MBA,Married,106072,6,6,No,Excellent,48,No,2
EMP1923,24,Female,Operations,Manager,Diploma,Single,116367,3,2,Yes,Good,13,Yes,2
EMP1924,42,Male,Operations,Analyst,MBA,Married,69156,4,8,Yes,Low,71,Yes,4
EMP1925,22,Male,HR,Manager,Diploma,Single,97209,15,7,No,Average,58,No,5
EMP1926,30,Male,IT,Analyst,Master,Single,107453,2,2,No,Excellent,30,No,2
EMP1927,25,Male,Operations,Associate,Master,Single,47829,17,4,Yes,Average,89,No,2
EMP1928,30,Female,IT,Analyst,Bachelor,Single,100908,13,6,Yes,Excellent,98,Yes,1
EMP1929,53,Female,IT,Team Lead,Diploma,Married,45938,14,3,Yes,Excellent,96,Yes,1
EMP1930,58,Male,Finance,Executive,Bachelor,Single,79164,16,4,Yes,Excellent,30,Yes,5
EMP1931,33,Female,IT,Associate,Diploma,Married,74530,0,2,No,Low,38,No,2
EMP1932,51,Male,HR,Associate,MBA,Single,88199,16,8,Yes,Low,12,Yes,2
EMP1933,56,Male,Sales,Team Lead,MBA,Single,80282,10,9,Yes,Low,14,Yes,3
EMP1934,44,Female,Sales,Analyst,Bachelor,Married,67801,16,8,Yes,Excellent,52,Yes,5
EMP1935,35,Female,Marketing,Executive,Diploma,Single,29465,13,6,Yes,Excellent,59,Yes,5
EMP1936,49,Female,Operations,Analyst,Bachelor,Married,23326,19,9,Yes,Average,58,No,3
EMP1937,28,Female,HR,Manager,Master,Married,23659,18,1,Yes,Good,82,No,3
EMP1938,25,Female,IT,Analyst,Bachelor,Single,80289,6,6,Yes,Low,44,No,1
EMP1939,49,Female,Sales,Associate,Bachelor,Single,47594,12,6,No,Excellent,19,Yes,5
EMP1940,24,Female,HR,Executive,MBA,Single,24763,17,4,No,Average,85,Yes,5
EMP1941,32,Male,Sales,Analyst,Bachelor,Single,108657,13,8,No,Average,22,Yes,3
EMP1942,22,Male,IT,Executive,Diploma,Single,30828,0,2,Yes,Average,27,No,4
EMP1943,47,Male,Sales,Executive,MBA,Single,67588,6,3,No,Low,66,No,4
EMP1944,51,Male,Operations,Manager,Bachelor,Married,31221,7,0,Yes,Low,50,No,1
EMP1945,56,Male,Operations,Manager,Master,Married,31211,17,5,Yes,Good,91,No,4
EMP1946,56,Female,Marketing,Associate,Bachelor,Single,33569,8,3,Yes,Average,43,No,4
EMP1947,46,Male,Marketing,Team Lead,Bachelor,Married,116894,0,0,Yes,Low,19,Yes,4
EMP1948,47,Male,Sales,Executive,Bachelor,Married,57860,16,1,No,Average,57,No,2
EMP1949,25,Male,HR,Team Lead,MBA,Single,91558,18,2,Yes,Excellent,92,No,1
EMP1950,40,Male,Operations,Associate,Diploma,Single,65337,5,8,Yes,Average,68,No,3
EMP1951,31,Male,HR,Executive,Master,Married,72311,2,7,No,Good,67,Yes,4
EMP1952,30,Male,HR,Executive,Bachelor,Single,33515,4,6,No,Low,96,No,2
EMP1953,58,Male,Sales,Team Lead,Diploma,Married,91695,1,3,No,Excellent,84,No,4
EMP1954,26,Female,HR,Analyst,Diploma,Single,107227,19,0,Yes,Low,20,No,2
EMP1955,28,Female,Operations,Manager,MBA,Married,44904,3,7,No,Excellent,74,Yes,1
EMP1956,43,Male,IT,Analyst,Master,Married,79935,9,3,Yes,Average,70,Yes,4
EMP1957,46,Female,Marketing,Team Lead,MBA,Married,63790,9,2,Yes,Average,17,No,2
EMP1958,32,Female,IT,Manager,Diploma,Married,88580,10,8,No,Good,51,No,5
EMP1959,46,Female,HR,Analyst,Diploma,Single,95148,15,9,No,Good,13,No,5
EMP1960,33,Female,IT,Manager,Diploma,Single,25636,16,3,No,Excellent,67,No,2
EMP1961,38,Male,Operations,Executive,MBA,Married,97129,15,3,Yes,Good,38,Yes,4
EMP1962,45,Female,Operations,Analyst,Master,Married,22892,6,8,Yes,Good,85,No,4
EMP1963,53,Female,HR,Manager,Bachelor,Single,41672,15,1,Yes,Good,95,Yes,1
EMP1964,32,Female,Sales,Manager,MBA,Single,25812,2,4,Yes,Good,33,No,1
EMP1965,56,Male,IT,Manager,Diploma,Married,116621,15,3,Yes,Average,41,Yes,3
EMP1966,24,Male,Sales,Analyst,MBA,Married,20654,7,8,Yes,Good,47,Yes,1
EMP1967,25,Male,Sales,Associate,Diploma,Married,74633,11,4,No,Average,90,No,4
EMP1968,57,Male,Finance,Analyst,Bachelor,Married,37143,2,8,Yes,Average,68,Yes,3
EMP1969,28,Male,HR,Team Lead,Bachelor,Married,75934,16,8,No,Low,28,No,1
EMP1970,48,Male,Marketing,Analyst,Master,Single,87334,17,1,No,Average,75,Yes,2
EMP1971,51,Male,Operations,Manager,Diploma,Married,49087,10,8,No,Average,38,Yes,5
EMP1972,29,Female,Operations,Executive,Master,Single,31618,3,2,No,Good,52,No,1
EMP1973,49,Female,HR,Analyst,Master,Single,28446,15,3,No,Average,16,No,1
EMP1974,34,Female,Marketing,Analyst,Bachelor,Single,107182,16,0,Yes,Excellent,27,Yes,2
EMP1975,42,Male,Operations,Manager,MBA,Married,68867,8,0,Yes,Good,83,Yes,4
EMP1976,31,Male,HR,Executive,MBA,Single,71028,5,0,Yes,Good,17,No,2
EMP1977,43,Male,Operations,Executive,Master,Single,80101,19,8,Yes,Good,91,No,1
EMP1978,21,Male,Sales,Team Lead,Bachelor,Single,47200,1,7,No,Low,49,No,4
EMP1979,57,Male,IT,Analyst,Diploma,Single,115107,8,4,No,Good,69,Yes,3
EMP1980,41,Female,IT,Executive,MBA,Married,108074,5,4,No,Average,51,No,1
EMP1981,46,Female,Operations,Executive,Master,Married,81465,2,8,Yes,Excellent,62,No,2
EMP1982,56,Male,Finance,Associate,MBA,Single,106436,19,2,Yes,Good,9,Yes,3
EMP1983,43,Male,Marketing,Associate,MBA,Single,107892,5,2,Yes,Good,81,No,5
EMP1984,21,Male,Marketing,Executive,Diploma,Married,108559,6,6,Yes,Excellent,9,No,3
EMP1985,35,Male,Marketing,Team Lead,Bachelor,Married,59148,0,8,No,Good,64,No,2
EMP1986,41,Female,Sales,Executive,Diploma,Married,102928,0,5,No,Low,25,No,3
EMP1987,29,Male,Marketing,Manager,Bachelor,Single,40698,4,1,Yes,Average,28,Yes,2
EMP1988,29,Male,IT,Analyst,MBA,Married,62470,5,0,Yes,Excellent,22,No,1
EMP1989,30,Male,Sales,Team Lead,Master,Single,112071,12,1,No,Excellent,25,No,4
EMP1990,46,Male,HR,Manager,Diploma,Single,71660,1,0,No,Low,58,No,5
EMP1991,55,Female,Marketing,Team Lead,Bachelor,Married,73910,14,9,No,Average,14,No,4
EMP1992,45,Male,Marketing,Manager,MBA,Single,55450,14,9,No,Low,28,No,4
EMP1993,46,Male,HR,Analyst,Bachelor,Married,76463,12,8,Yes,Average,89,No,4
EMP1994,31,Female,Marketing,Analyst,Bachelor,Single,53757,13,9,No,Low,93,Yes,2
EMP1995,58,Female,HR,Associate,Bachelor,Married,98012,6,7,No,Good,64,Yes,2
EMP1996,22,Female,Sales,Manager,MBA,Single,90247,13,6,No,Low,61,Yes,5
EMP1997,27,Male,IT,Associate,Master,Single,92015,9,2,No,Excellent,27,No,2
EMP1998,38,Male,HR,Manager,Master,Married,51390,16,7,Yes,Excellent,26,No,2
EMP1999,47,Female,Finance,Associate,Master,Married,76116,13,1,Yes,Excellent,72,No,2
EMP2000,54,Female,HR,Analyst,Bachelor,Married,33161,7,1,Yes,Low,38,Yes,2
EMP2001,47,Female,Marketing,Team Lead,MBA,Married,52152,3,9,Yes,Excellent,74,No,1
EMP2002,37,Female,Sales,Associate,Bachelor,Single,100171,15,2,Yes,Excellent,32,Yes,5
EMP2003,44,Female,Operations,Manager,Master,Married,115833,12,6,Yes,Good,99,No,2
EMP2004,45,Female,Sales,Manager,Master,Married,40836,19,0,No,Good,43,No,5
EMP2005,27,Male,Operations,Analyst,MBA,Single,110367,17,7,No,Average,46,Yes,3
EMP2006,26,Male,HR,Manager,Bachelor,Married,86543,13,6,No,Average,27,Yes,1
EMP2007,44,Male,IT,Executive,Diploma,Married,75648,17,3,No,Average,74,Yes,2
EMP2008,53,Female,Finance,Team Lead,Diploma,Single,46331,4,4,Yes,Low,84,Yes,1
EMP2009,49,Female,Sales,Associate,Master,Married,30763,8,9,No,Average,6,Yes,1
EMP2010,42,Female,Marketing,Team Lead,MBA,Married,89444,2,0,Yes,Low,28,Yes,3
EMP2011,46,Female,Operations,Analyst,Bachelor,Married,113109,7,3,No,Low,21,No,5
EMP2012,48,Female,Marketing,Associate,Bachelor,Married,39187,19,0,No,Average,69,Yes,1
EMP2013,41,Female,IT,Associate,Master,Married,31957,9,0,No,Average,74,No,4
EMP2014,27,Male,Operations,Executive,Master,Married,24379,18,9,Yes,Low,73,No,3
EMP2015,37,Male,Sales,Analyst,Bachelor,Single,47959,2,0,No,Good,64,No,4
EMP2016,40,Female,HR,Manager,Bachelor,Married,102018,10,6,Yes,Excellent,54,No,3
EMP2017,40,Male,Marketing,Executive,Master,Single,47105,10,6,Yes,Excellent,97,No,4
EMP2018,42,Female,IT,Executive,Bachelor,Single,20877,16,3,No,Excellent,16,Yes,4
EMP2019,48,Male,Sales,Team Lead,Diploma,Single,68353,15,1,Yes,Good,51,Yes,1
EMP2020,27,Female,Sales,Team Lead,Master,Single,103788,6,2,Yes,Low,71,Yes,1
EMP2021,21,Female,Sales,Team Lead,Bachelor,Married,116870,3,7,No,Average,69,No,3
EMP2022,52,Male,Sales,Executive,Master,Married,104585,18,7,No,Low,31,Yes,5
EMP2023,33,Male,Operations,Manager,MBA,Married,103308,11,5,No,Low,52,No,1
EMP2024,50,Female,Sales,Associate,Master,Single,71567,14,9,No,Average,92,No,1
EMP2025,43,Female,Marketing,Team Lead,Master,Married,77913,10,8,No,Good,66,No,2
EMP2026,39,Male,IT,Manager,MBA,Married,22637,4,8,No,Excellent,48,No,1
EMP2027,52,Male,Operations,Analyst,Diploma,Married,92778,4,3,Yes,Excellent,23,Yes,5
EMP2028,50,Female,Sales,Team Lead,Bachelor,Single,62025,14,0,No,Low,63,Yes,2
EMP2029,49,Male,Finance,Associate,MBA,Single,119508,17,0,No,Good,12,Yes,4
EMP2030,49,Female,Finance,Analyst,Master,Married,102464,10,9,Yes,Excellent,59,Yes,4
EMP2031,50,Female,IT,Analyst,Bachelor,Single,48742,11,4,No,Good,51,Yes,2
EMP2032,36,Female,HR,Associate,MBA,Single,31831,1,1,Yes,Average,6,No,2
EMP2033,39,Female,HR,Team Lead,Bachelor,Married,105092,19,5,No,Low,98,Yes,2
EMP2034,38,Male,Operations,Executive,Bachelor,Single,110879,14,6,No,Low,98,No,3
EMP2035,21,Male,Operations,Associate,MBA,Single,108370,19,0,Yes,Good,43,No,5
EMP2036,34,Male,Operations,Associate,Bachelor,Married,66762,3,5,No,Excellent,49,No,5
EMP2037,22,Male,HR,Associate,Diploma,Single,118958,17,7,Yes,Good,36,Yes,4
EMP2038,48,Male,Finance,Analyst,MBA,Single,108741,5,4,No,Average,69,No,4
EMP2039,50,Male,HR,Manager,Diploma,Single,38830,18,6,No,Excellent,42,No,4
EMP2040,58,Male,Marketing,Executive,Master,Single,75044,10,9,Yes,Excellent,81,Yes,1
EMP2041,24,Female,Sales,Team Lead,Bachelor,Single,93948,1,5,No,Good,15,No,4
EMP2042,21,Male,Operations,Team Lead,Master,Single,89202,7,3,No,Average,14,No,2
EMP2043,28,Male,Finance,Manager,Master,Single,57045,10,6,Yes,Excellent,63,No,4
EMP2044,49,Female,IT,Associate,Bachelor,Single,106322,4,9,No,Low,94,Yes,2
EMP2045,59,Male,IT,Executive,MBA,Married,91051,17,8,Yes,Average,59,No,3
EMP2046,23,Male,Sales,Team Lead,Bachelor,Married,46627,17,9,No,Excellent,24,No,1
EMP2047,52,Female,Finance,Team Lead,Master,Married,35198,13,9,Yes,Good,85,Yes,1
EMP2048,30,Male,HR,Associate,Master,Married,89521,9,6,No,Excellent,21,Yes,5
EMP2049,30,Male,HR,Manager,MBA,Single,49475,2,4,Yes,Low,72,No,3
EMP2050,39,Male,Marketing,Executive,Bachelor,Married,39403,8,6,Yes,Average,9,Yes,2
EMP2051,54,Female,Marketing,Manager,Master,Married,23681,2,2,No,Excellent,64,Yes,3
EMP2052,53,Male,HR,Manager,Diploma,Single,111555,10,1,No,Low,27,Yes,1
EMP2053,43,Male,IT,Executive,Master,Single,113122,11,4,Yes,Excellent,50,Yes,2
EMP2054,48,Female,Operations,Executive,Master,Single,62292,11,3,No,Excellent,56,Yes,3
EMP2055,52,Male,IT,Team Lead,MBA,Single,25629,2,4,Yes,Average,14,Yes,1
EMP2056,27,Female,Marketing,Team Lead,Diploma,Single,113246,6,7,No,Good,50,Yes,2
EMP2057,49,Female,Sales,Executive,Master,Married,115864,13,3,No,Good,32,No,2
EMP2058,28,Male,HR,Analyst,Master,Single,97814,10,8,Yes,Low,47,Yes,1
EMP2059,21,Female,Marketing,Team Lead,Diploma,Married,28417,6,6,Yes,Low,30,Yes,2
EMP2060,23,Female,Marketing,Analyst,Bachelor,Married,54765,9,9,No,Low,59,Yes,1
EMP2061,44,Male,Operations,Executive,Bachelor,Single,94499,10,6,No,Average,52,No,4
EMP2062,43,Female,HR,Team Lead,Master,Married,76574,14,7,No,Good,33,Yes,4
EMP2063,28,Female,Operations,Manager,Master,Married,110545,18,5,No,Low,31,Yes,2
EMP2064,57,Male,HR,Executive,Bachelor,Single,47675,15,7,No,Low,22,No,2
EMP2065,23,Male,Operations,Associate,MBA,Married,92267,19,2,Yes,Excellent,64,Yes,1
EMP2066,53,Male,IT,Analyst,Diploma,Married,60563,11,9,No,Excellent,78,No,2
EMP2067,48,Female,Sales,Executive,Diploma,Married,31332,17,9,No,Low,73,No,5
EMP2068,28,Male,Sales,Executive,MBA,Single,39177,12,0,Yes,Excellent,78,Yes,4
EMP2069,54,Female,HR,Team Lead,MBA,Single,109254,4,5,Yes,Excellent,25,No,2
EMP2070,55,Female,Finance,Team Lead,MBA,Single,88447,3,0,Yes,Excellent,28,Yes,2
EMP2071,52,Female,Marketing,Team Lead,MBA,Married,77104,13,8,No,Average,7,Yes,3
EMP2072,44,Female,Marketing,Associate,MBA,Single,104335,7,1,Yes,Low,99,No,2
EMP2073,34,Female,HR,Team Lead,MBA,Married,100730,8,1,Yes,Low,66,No,5
EMP2074,52,Female,Operations,Executive,Diploma,Single,24951,18,6,Yes,Excellent,6,Yes,4
EMP2075,36,Female,Finance,Team Lead,MBA,Married,48333,2,1,Yes,Average,70,Yes,3
EMP2076,24,Male,IT,Manager,Bachelor,Single,41673,4,9,No,Excellent,46,No,1
EMP2077,57,Male,Operations,Team Lead,MBA,Single,60870,17,7,No,Average,38,Yes,1
EMP2078,41,Female,Operations,Associate,MBA,Married,91101,0,5,No,Low,46,Yes,4
EMP2079,34,Female,HR,Manager,Diploma,Single,42821,7,6,Yes,Excellent,24,Yes,1
EMP2080,51,Male,HR,Executive,Diploma,Married,45494,18,6,Yes,Low,72,No,5
EMP2081,38,Female,Marketing,Executive,MBA,Single,119477,16,5,Yes,Average,49,Yes,2
EMP2082,27,Male,HR,Analyst,Diploma,Single,94160,16,9,Yes,Good,79,Yes,4
EMP2083,30,Male,HR,Manager,Master,Married,20835,10,8,Yes,Average,46,Yes,3
EMP2084,27,Male,HR,Analyst,Diploma,Married,38646,1,8,Yes,Good,51,No,2
EMP2085,53,Female,Marketing,Manager,Diploma,Married,97360,5,6,No,Low,9,No,1
EMP2086,43,Female,IT,Manager,Diploma,Single,57335,13,8,No,Low,93,No,1
EMP2087,41,Male,IT,Associate,Diploma,Married,89351,2,9,Yes,Excellent,53,Yes,3
EMP2088,39,Male,HR,Analyst,Bachelor,Single,22429,11,2,No,Good,41,No,5
EMP2089,39,Male,Marketing,Associate,Bachelor,Married,61950,3,2,Yes,Average,38,Yes,3
EMP2090,56,Male,IT,Manager,Bachelor,Married,80654,11,0,Yes,Low,77,No,4
EMP2091,49,Male,Operations,Executive,MBA,Married,88143,12,4,No,Good,74,Yes,3
EMP2092,38,Female,IT,Manager,MBA,Married,111186,1,3,Yes,Average,22,No,1
EMP2093,22,Male,IT,Associate,Master,Married,117889,1,1,No,Good,82,Yes,5
EMP2094,21,Female,Marketing,Analyst,Bachelor,Married,97527,14,8,Yes,Average,23,Yes,5
EMP2095,25,Male,Operations,Analyst,MBA,Single,106704,16,2,Yes,Average,82,No,3
EMP2096,40,Female,Marketing,Associate,Diploma,Married,51099,6,7,No,Average,44,Yes,4
EMP2097,31,Female,HR,Analyst,Diploma,Single,59385,13,5,Yes,Average,21,No,1
EMP2098,22,Female,Sales,Team Lead,Bachelor,Married,55919,11,4,Yes,Good,64,No,2
EMP2099,23,Female,IT,Executive,Master,Married,116952,16,0,Yes,Good,97,Yes,5
EMP2100,43,Female,Sales,Executive,Master,Married,80782,13,3,No,Excellent,46,Yes,3
EMP2101,32,Female,Marketing,Executive,Diploma,Single,91116,5,2,Yes,Good,85,No,4
EMP2102,40,Male,Marketing,Analyst,Master,Single,92590,18,0,Yes,Good,76,No,4
EMP2103,25,Female,Marketing,Analyst,Bachelor,Married,109626,5,4,Yes,Excellent,69,No,1
EMP2104,57,Male,Sales,Manager,Diploma,Single,60387,17,5,No,Good,57,Yes,5
EMP2105,58,Female,Marketing,Manager,MBA,Married,35823,4,1,No,Average,11,No,1
EMP2106,50,Female,HR,Executive,MBA,Married,66015,5,2,No,Low,9,Yes,2
EMP2107,29,Male,Marketing,Team Lead,Master,Single,35339,1,5,No,Low,28,Yes,2
EMP2108,54,Female,Finance,Manager,Diploma,Single,23491,7,3,No,Excellent,32,No,2
EMP2109,55,Male,Sales,Manager,Diploma,Single,20706,14,8,Yes,Good,66,No,4
EMP2110,42,Male,Finance,Analyst,MBA,Single,117493,14,4,No,Good,21,Yes,5
EMP2111,44,Male,Marketing,Team Lead,Diploma,Married,35728,10,3,No,Excellent,24,Yes,1
EMP2112,37,Male,HR,Executive,Diploma,Single,26997,0,1,Yes,Low,7,Yes,1
EMP2113,30,Female,IT,Manager,Diploma,Single,80408,17,5,No,Average,41,Yes,2
EMP2114,50,Female,Operations,Team Lead,Master,Married,78097,11,9,Yes,Good,94,No,5
EMP2115,43,Male,Operations,Team Lead,Diploma,Single,58523,11,1,No,Excellent,19,Yes,5
EMP2116,52,Female,Marketing,Executive,Bachelor,Single,45163,10,6,Yes,Average,55,No,3
EMP2117,37,Female,HR,Team Lead,Master,Single,37718,7,2,Yes,Excellent,52,No,5
EMP2118,37,Male,Sales,Team Lead,Diploma,Single,107508,6,8,No,Excellent,12,No,5
EMP2119,34,Female,Finance,Team Lead,Diploma,Married,103767,1,4,No,Excellent,17,Yes,1
EMP2120,29,Male,Finance,Manager,Bachelor,Married,59619,10,7,Yes,Low,52,Yes,5
EMP2121,22,Male,Finance,Executive,Master,Single,32126,9,5,Yes,Low,7,No,5
EMP2122,45,Female,Sales,Team Lead,MBA,Single,109131,2,9,Yes,Excellent,69,No,1
EMP2123,59,Female,Operations,Team Lead,MBA,Married,84926,19,7,Yes,Good,77,No,5
EMP2124,29,Female,HR,Manager,Master,Single,60633,9,2,Yes,Average,35,No,1
EMP2125,42,Male,Sales,Executive,Diploma,Single,97654,17,2,Yes,Good,30,Yes,3
EMP2126,24,Male,Finance,Analyst,Diploma,Single,23317,13,4,Yes,Low,85,No,4
EMP2127,46,Female,Marketing,Manager,MBA,Single,64980,17,9,No,Average,60,Yes,1
EMP2128,49,Female,IT,Executive,MBA,Single,64115,7,2,Yes,Excellent,38,Yes,1
EMP2129,54,Female,Sales,Team Lead,MBA,Single,81646,9,7,No,Good,13,Yes,5
EMP2130,43,Female,Sales,Executive,Bachelor,Single,63158,12,9,No,Good,66,Yes,1
EMP2131,57,Male,HR,Executive,MBA,Single,75963,7,7,Yes,Excellent,17,No,2
EMP2132,31,Female,HR,Executive,Bachelor,Single,67631,3,1,Yes,Good,73,Yes,2
EMP2133,26,Male,Sales,Analyst,Master,Married,69316,3,3,No,Low,45,No,3
EMP2134,38,Male,Finance,Executive,Diploma,Married,79342,4,9,Yes,Excellent,81,Yes,1
EMP2135,41,Female,IT,Analyst,MBA,Married,35504,0,0,Yes,Good,5,No,5
EMP2136,56,Female,HR,Team Lead,Diploma,Single,88593,16,3,No,Excellent,93,No,5
EMP2137,58,Female,Finance,Analyst,Diploma,Single,46660,1,3,No,Average,51,No,4
EMP2138,54,Male,Marketing,Team Lead,MBA,Married,57196,7,9,No,Excellent,8,No,3
EMP2139,37,Female,HR,Team Lead,MBA,Single,85938,6,8,Yes,Good,67,No,5
EMP2140,57,Female,Finance,Analyst,Master,Married,28605,14,2,Yes,Low,56,Yes,4
EMP2141,45,Male,Finance,Manager,Bachelor,Single,77388,4,1,No,Excellent,14,No,5
EMP2142,58,Female,IT,Associate,Bachelor,Married,101297,1,8,Yes,Excellent,32,Yes,4
EMP2143,32,Male,IT,Executive,Diploma,Married,75501,6,8,No,Good,10,No,2
EMP2144,43,Female,Marketing,Associate,MBA,Married,73309,7,0,Yes,Low,31,Yes,2
EMP2145,42,Male,Finance,Executive,Master,Single,47043,6,5,No,Low,16,Yes,5
EMP2146,41,Female,Operations,Executive,Master,Married,53635,6,9,Yes,Average,66,Yes,3
EMP2147,47,Female,Finance,Team Lead,Master,Single,99315,13,7,No,Average,56,No,1
EMP2148,51,Male,IT,Executive,Master,Single,100691,17,2,Yes,Good,52,Yes,3
EMP2149,26,Male,Operations,Executive,Master,Single,53132,5,8,Yes,Low,71,No,3
EMP2150,47,Female,HR,Analyst,Bachelor,Single,109387,3,1,No,Low,50,No,1
EMP2151,54,Male,HR,Associate,Bachelor,Single,35366,9,5,Yes,Average,78,Yes,2
EMP2152,32,Male,Sales,Analyst,Bachelor,Single,113944,17,0,Yes,Average,99,Yes,2
EMP2153,27,Male,IT,Executive,MBA,Single,92107,11,6,No,Good,19,No,1
EMP2154,30,Male,Sales,Team Lead,Diploma,Married,82580,15,2,Yes,Low,75,No,4
EMP2155,37,Female,Operations,Analyst,Master,Married,77889,6,6,Yes,Excellent,40,No,3
EMP2156,46,Female,IT,Analyst,MBA,Married,99553,5,3,Yes,Average,18,No,5
EMP2157,41,Male,Marketing,Manager,Master,Single,59236,4,8,No,Good,82,No,2
EMP2158,48,Male,Finance,Executive,Bachelor,Single,24150,2,4,No,Low,7,No,5
EMP2159,22,Male,Marketing,Team Lead,MBA,Single,39423,11,2,No,Low,71,Yes,1
EMP2160,21,Male,Operations,Analyst,Bachelor,Single,24137,14,7,No,Average,90,No,5
EMP2161,56,Female,IT,Analyst,Master,Married,49992,9,5,No,Good,23,No,5
EMP2162,46,Female,Operations,Team Lead,Master,Single,114438,19,1,Yes,Excellent,80,Yes,3
EMP2163,49,Male,Finance,Executive,Diploma,Married,64921,18,2,Yes,Average,58,Yes,1
EMP2164,41,Male,HR,Manager,Master,Single,99369,15,7,No,Good,73,Yes,5
EMP2165,31,Male,HR,Analyst,Bachelor,Married,86917,10,9,Yes,Low,14,No,2
EMP2166,31,Female,Operations,Manager,Master,Single,93690,7,6,Yes,Excellent,37,Yes,1
EMP2167,56,Male,Sales,Associate,Diploma,Married,54235,2,9,Yes,Good,17,Yes,2
EMP2168,59,Female,IT,Executive,Diploma,Single,98975,6,5,Yes,Excellent,55,No,4
EMP2169,55,Male,IT,Associate,Bachelor,Married,39122,6,0,No,Good,36,No,5
EMP2170,54,Female,HR,Associate,MBA,Single,43956,13,8,No,Good,79,No,1
EMP2171,44,Male,Marketing,Associate,Master,Married,83879,1,2,Yes,Good,28,No,2
EMP2172,42,Female,Finance,Executive,Diploma,Married,78560,9,4,Yes,Good,39,Yes,5
EMP2173,25,Male,Marketing,Executive,Master,Single,102800,18,6,No,Excellent,87,No,3
EMP2174,53,Male,Marketing,Team Lead,Master,Married,88685,8,6,Yes,Average,74,Yes,2
EMP2175,56,Male,Operations,Manager,MBA,Single,44660,15,2,Yes,Excellent,44,No,2
EMP2176,40,Female,HR,Manager,Diploma,Single,106064,18,3,Yes,Good,58,Yes,4
EMP2177,39,Male,HR,Team Lead,Master,Single,21168,17,9,No,Excellent,48,No,3
EMP2178,55,Female,HR,Team Lead,Diploma,Married,65124,8,6,No,Excellent,66,No,4
EMP2179,37,Female,Operations,Associate,Bachelor,Married,55897,15,7,Yes,Excellent,72,No,3
EMP2180,54,Male,Sales,Team Lead,Bachelor,Single,35032,12,1,Yes,Good,37,Yes,2
EMP2181,29,Male,Marketing,Analyst,Master,Single,72797,9,8,Yes,Excellent,81,Yes,4
EMP2182,46,Male,Operations,Manager,Diploma,Married,55294,19,6,Yes,Low,60,Yes,5
EMP2183,22,Female,IT,Team Lead,Master,Married,63827,13,7,Yes,Good,40,No,3
EMP2184,29,Male,Finance,Analyst,Diploma,Married,23516,11,5,Yes,Excellent,58,Yes,2
EMP2185,29,Female,Sales,Analyst,Diploma,Single,39751,18,5,No,Low,23,No,1
EMP2186,37,Female,IT,Analyst,MBA,Single,50373,6,8,No,Excellent,47,No,3
EMP2187,21,Male,Marketing,Analyst,MBA,Single,50270,14,3,Yes,Average,16,No,3
EMP2188,45,Male,HR,Associate,MBA,Single,30386,15,4,No,Excellent,15,Yes,5
EMP2189,45,Male,Marketing,Analyst,Master,Single,84817,7,8,Yes,Excellent,74,No,3
EMP2190,59,Male,Operations,Associate,MBA,Married,85184,9,0,Yes,Average,16,Yes,3
EMP2191,55,Male,Finance,Associate,MBA,Single,99693,3,3,No,Good,95,No,5
EMP2192,23,Male,Operations,Analyst,Bachelor,Married,57879,18,6,No,Average,45,No,5
EMP2193,57,Female,Sales,Manager,Diploma,Married,69597,18,8,Yes,Good,29,No,4
EMP2194,50,Female,Sales,Analyst,Diploma,Single,59132,14,9,Yes,Average,7,Yes,2
EMP2195,58,Female,Finance,Analyst,MBA,Married,23626,13,5,No,Excellent,7,Yes,2
EMP2196,54,Male,IT,Analyst,Diploma,Single,105936,0,7,No,Excellent,88,No,4
EMP2197,32,Female,IT,Manager,Bachelor,Married,101515,15,8,Yes,Good,32,Yes,2
EMP2198,39,Female,Sales,Executive,Bachelor,Single,97065,9,9,Yes,Good,27,Yes,3
EMP2199,57,Female,Sales,Executive,MBA,Single,75390,18,3,Yes,Low,52,No,4
